Shipping_ID,Customer_ID,City,State,Country,Postal_Code
0,e0d6cb3c-c4b0-4cfe-8225-b65d094d2424,Jordanborough,Arkansas,Kuwait,27879
1,fa3ca35a-5540-404b-a7eb-9001cdcbd840,Lake Ginatown,Georgia,Saint Vincent and the Grenadines,39336
2,7ad4de53-e6d7-4cd3-99b8-13fb70fe7a34,Sarahville,Ohio,France,30845
3,4b9b409c-19f2-41c0-bc7c-6556e0647ebb,Lake Michelle,Arkansas,Sao Tome and Principe,30955
4,81b513ad-5c02-48cf-bff0-39e1440c4d22,Olsenville,Mississippi,Croatia,45429
5,7f6608ca-b11e-497f-9421-34ee62f9e220,Priceville,South Dakota,Peru,96819
6,de08452f-8820-4b7e-a394-dba5520a9ce7,West Peter,Nevada,Solomon Islands,82007
7,e1ef782d-6bd8-4880-ae57-f6638c7309fc,East Kevin,Maine,Ireland,52315
8,df6652a7-8923-431c-b49b-f57138dc1130,Crystalborough,New Jersey,Portugal,27390
9,ef9962f3-cfbe-470e-a6ad-d285dbbfa54b,Heathermouth,Nebraska,Australia,30613
10,2a5aa693-90a5-487d-bed5-709577862299,New Garybury,Washington,Myanmar,58038
11,6c01445d-e4d3-4560-99ee-4a377d042353,Christopherview,Kentucky,Korea,22744
12,ca0d091c-0d3d-4d01-a4c9-85f07e01f2f5,East Nathanielville,Maryland,Reunion,59258
13,3642f2c6-9513-4258-851a-1ca383020a5e,Olsonchester,North Dakota,Bolivia,1711
14,d345f895-73fe-4d1f-9119-090e3e22cf40,North Janet,Vermont,Lebanon,25394
15,105dedd4-90ce-48ab-8993-d206ca55f9e4,Smithville,West Virginia,Estonia,58925
16,e919ab84-fdc0-4e10-938d-56418db183ab,Lake Jasonville,Kentucky,Tunisia,31393
17,d6e4e518-cf57-443a-bd52-6e86fbcc566e,South Katherineburgh,Ohio,Wallis and Futuna,26992
18,766c89fa-2f04-4e88-b81a-732161a8c8cc,Christopherside,Oklahoma,Trinidad and Tobago,22897
19,1a547842-3a19-4957-bfd0-47957f49d7ac,New Joelport,North Carolina,Australia,48329
20,7e1e6a0d-dc49-4d83-8e35-ebb3e62d6bbf,Roberthaven,Virginia,Algeria,33098
21,a9b7151b-427a-4743-86ff-e810bf475d7d,South Randallstad,New York,Macao,44171
22,fcd095ba-9da7-4877-89e8-ffbf1d694eab,Browningstad,New York,Wallis and Futuna,88315
23,97f80ead-3113-4cbc-b3e6-da7c182c1bf8,Angelaborough,Vermont,Cameroon,61751
24,35dd03a3-d610-48bb-bf55-2e91af1e49b0,South Scott,Kentucky,Montenegro,4853
25,6ac20f4e-bd84-4ef3-a10f-0d9286d0be2e,Christopherchester,New Jersey,Turkmenistan,15543
26,d2a42dba-d1c6-48fb-8570-5502e3df3d49,Davisshire,Mississippi,Martinique,80852
27,5abc78f2-f204-46f6-98f6-68def2561faf,West Jose,Indiana,Liberia,23405
28,4296123a-900d-439a-87c0-5525cadcd900,South Dennis,Delaware,Isle of Man,636
29,58190f47-3d69-4be5-84c1-1779b39e7d09,Lisashire,Kansas,Northern Mariana Islands,41079
30,893fc836-422b-4d37-acf7-ccb08b7ae775,Williamsberg,Washington,Andorra,79852
31,84c25e63-2b5d-4ac7-aec6-3ae95b02afd2,Longchester,Georgia,Palestinian Territory,15961
32,7dace790-bced-4bb6-b388-068559ccd92a,North Rebecca,Minnesota,Antarctica (the territory South of 60 deg S),12710
33,59e13e12-6dbb-449c-b291-f63c47eece7d,West Katherine,Kentucky,Germany,37349
34,4bdbee05-f517-4ebb-9bd0-ec1f071f9e5b,Kellyland,Nebraska,Swaziland,16075
35,cb237dc8-8156-4ee7-ae50-9d7c8621e150,Michaelside,South Dakota,Ecuador,96819
36,f053d94e-fac2-40e3-9241-c56673d29984,East Mary,Idaho,Madagascar,59740
37,5caed76e-f5bd-4adc-99b7-afb4b8a7f58c,Pamelaland,Alaska,Cape Verde,80134
38,5e08d625-4621-4d7c-b164-90486adce4b6,East Matthewview,Ohio,Mauritania,15153
39,037a19a4-2c4e-4ae1-abee-e2c2c2a29e98,South Mark,Michigan,Singapore,38760
40,110b54d1-5584-4c4e-88c9-ebdbd0147827,Donaldmouth,New Jersey,Guadeloupe,64195
41,56c4bfa9-94e2-4d89-b992-7fbcf9f912ee,Petersonberg,Mississippi,Iraq,42074
42,cc607ff7-261b-4f0a-832a-c8ed7fb31015,Josephfurt,New Hampshire,Saint Martin,81839
43,00d78252-3e0a-4340-9779-6a5ab4a2144f,Alexandertown,Pennsylvania,Benin,50782
44,dc4fe353-c432-4318-a660-3566b14c81c1,Perrymouth,Colorado,Grenada,54469
45,5a2396f1-7faf-43f8-a7f7-5188ca2d993a,West Kristina,Minnesota,Grenada,62890
46,2da8341b-0bba-4908-ad03-3f983d9d5189,East Lorihaven,Indiana,Svalbard & Jan Mayen Islands,62367
47,2eb6f81d-aae1-489d-9c78-3f8b125bf613,Sharonside,Rhode Island,Kyrgyz Republic,14521
48,998e49e5-f6ba-4fa9-853e-ce4ac86645ee,Vincentside,Massachusetts,Philippines,34835
49,223bb9aa-b16b-415b-b903-849604081f59,East David,Vermont,Brunei Darussalam,91637
50,ce907f53-4702-4940-9d23-bd00335047a4,Lake Hannah,Georgia,Central African Republic,32130
51,01a23274-2269-4ee1-8bac-8ce6c9dc1347,New Erin,Illinois,Samoa,34188
52,043683fc-488e-404a-8518-7c992ab41f2f,South Codyside,Montana,Sri Lanka,42481
53,9875460c-3b53-4bd2-b752-4a7b3207bb2b,Bauermouth,New York,Malta,6764
54,66d50871-cfb0-457c-a7ea-c75ec3bdc057,West James,Ohio,Saint Pierre and Miquelon,64475
55,488b8cb6-06bb-42ea-b018-f13c19698124,Kellyhaven,Alaska,Cyprus,76818
56,752e6595-62eb-41b5-a4d9-5f340652d814,Thomasstad,South Carolina,Estonia,86677
57,68d0b711-64b4-4181-94b0-9da60771a4bb,Jorgemouth,California,Christmas Island,7358
58,c212f497-3a55-4c98-aea9-0a54ecf95ef1,Finleyfort,Kentucky,Niue,43084
59,d70d0038-4ff6-405d-99a0-3e27684e0b11,Ethanberg,North Dakota,Cocos (Keeling) Islands,12868
60,bc4a9f54-7f93-412d-aee0-41babde9f7c7,Simpsonbury,Virginia,Slovakia (Slovak Republic),81958
61,c29fe714-1b30-433a-83f5-05fad6a10084,East Brittany,Montana,Haiti,52577
62,c340d489-e79d-4bdd-94e3-15dbcc244560,West Kelseyberg,Missouri,Oman,98589
63,9b1329e0-f890-497e-94fc-b8b3be942972,Lake Ericaland,West Virginia,Fiji,22876
64,90f45551-bc3d-4d24-a8eb-73c18443ec47,New Kimberly,Vermont,Afghanistan,89170
65,7eed9caa-025a-4887-a331-21a3b5fef946,Grayside,Vermont,Netherlands,38797
66,6241e36c-1a88-4971-bed6-25149b466c04,South Kelly,Alaska,Serbia,73073
67,051052d5-0872-4281-bb36-9ef4bf87c6f2,Lake Cathyland,South Carolina,Aruba,63249
68,5668c56e-3af8-4677-b307-aaf09532287b,West Tyler,Tennessee,Luxembourg,71894
69,fc2496e0-d97f-437c-bb6b-8526930fc174,North Heidibury,Florida,Puerto Rico,84406
70,d09e95b6-2dd2-4908-9689-96a65127b3d8,New Rogerbury,Colorado,Andorra,53321
71,321da85c-715c-4851-a543-c93cc2e3eb23,Lake Tanner,Delaware,Lithuania,98044
72,2b705e74-58c2-4247-998e-051fb2cfe4c8,East Michael,Massachusetts,Tanzania,32935
73,5ac72f0c-e995-4d05-8e6b-ec75d97f24fa,Port Tanyashire,Alaska,Niue,40100
74,8a949643-033a-471e-8ff8-db1aad104086,North James,New Hampshire,Germany,89792
75,29223517-3ed7-435b-a229-a76f1052e4d7,Melissamouth,Pennsylvania,Cambodia,54307
76,13248508-6251-479a-955e-5cb907f94eb4,Lake Ruth,New Mexico,Jordan,22435
77,168279f3-7d94-4578-9bd6-8ec302e2c6e4,East Robert,Nebraska,British Virgin Islands,38193
78,7c873d7f-d804-4f6c-96e6-a806be8a2d3c,Brandymouth,Connecticut,Serbia,58355
79,f5c7f46a-96ef-44cd-97e3-9318163dcbe0,Stevensburgh,Montana,Guinea,45525
80,e248718b-8a64-4927-bb19-92878c129755,New Tylermouth,Virginia,Montserrat,92037
81,b14c26dd-13e8-418a-83d9-632e82f0effd,Leeview,California,Aruba,66406
82,04e01df9-1d9a-41fa-9a3a-21d3c70fde06,Matthewberg,Washington,Belarus,52159
83,1c9e0e75-18de-4887-80de-661b74957fb3,New Jay,Connecticut,Mongolia,43675
84,7ee030f0-3a51-4a40-aaf5-f8d08146b111,Whiteburgh,New York,Belarus,11118
85,a6b4443f-fa34-49f7-843e-c76645810d71,Johntown,New Mexico,El Salvador,39725
86,0967c5d2-6a2e-4f6d-8cd0-ebce2f2bdefe,Lake Carolfurt,Georgia,Luxembourg,38560
87,7796b3a9-c769-4f9f-a650-6d11e2496f0e,West Spencerberg,Delaware,Hong Kong,22431
88,4ed72c96-02f7-45d0-ae0b-5be3faf1e5ac,South Caitlin,South Carolina,Bolivia,45193
89,a68352d7-5a5a-4284-a1ce-c36d8607302f,Jacksonport,California,Dominican Republic,94504
90,a62611fd-7e3b-4105-baed-a6c7cb487672,Browntown,Alabama,Saint Vincent and the Grenadines,60395
91,c50b8bb2-80fd-48ae-a373-ee150019dbc5,Victorview,New Jersey,Tuvalu,47280
92,1b41eccb-1b0c-4afd-a11a-712ec81de7d6,New Miguelshire,Kentucky,Malaysia,93564
93,f92860ad-8f39-4fd9-8984-7c66b38d2a3e,Goodside,Indiana,North Macedonia,74227
94,ef335d2a-f9fe-4819-b699-42b5d4cd060c,South Josephfurt,Missouri,Portugal,20741
95,db91ad1d-e70e-425a-ad67-8ecbaef6639f,Colefurt,Idaho,Slovakia (Slovak Republic),62052
96,b9680fe4-1f64-4487-9dde-56ad5f0b4fd0,West Renee,Rhode Island,Kuwait,59355
97,731dbef8-e4d5-4eb5-8345-f75d5ccc9457,Lake Linda,Kentucky,Grenada,62464
98,d535b4af-76db-460e-a22e-f1137f169c5d,South Robert,Iowa,United States Virgin Islands,39513
99,2ef4a6b1-b5e5-4fc8-b289-a9e590165863,Sullivanberg,Ohio,United States of America,62456
100,18704394-d7e4-4e23-85b4-3390ca5d1710,Port Codyport,Maine,Saint Pierre and Miquelon,8223
101,74a22756-611c-4774-b8c2-1a2dfb3feb01,South Wendyburgh,Minnesota,Estonia,62907
102,876e95aa-062a-4812-b285-e1a278240bde,Jeffreyland,Ohio,Slovenia,40711
103,0c10bff4-e805-4078-87a2-f8802165f89a,Lake Elizabethview,Kansas,Germany,58013
104,a22a16f3-f60c-4cbd-ae2a-4d65d3e7856a,Shahside,Colorado,Faroe Islands,36230
105,e36529e6-67f6-4e91-8431-60694685a3d7,Lake Nathanhaven,Texas,Antigua and Barbuda,40122
106,032e5cc7-84c8-4693-a902-077902c811b9,Walterbury,Kentucky,Greenland,72368
107,f63526e2-d2e7-470c-ba5c-7f7d0115ef3a,New Thomas,New Jersey,Myanmar,22643
108,e13af354-ecc5-4062-b0ed-c331dbf781e4,Lake Shannonport,Maryland,Chad,26840
109,6320730f-e631-4aea-80a4-d86d41a47c11,Debbieland,New Jersey,Saint Pierre and Miquelon,82111
110,cb88b521-53dc-4455-9114-6569d880f876,Lake Adrian,Oregon,Algeria,46402
111,41296c35-8d3d-4b4e-9136-5de2b2c8c536,Lake Leslie,West Virginia,Cook Islands,95198
112,4efca02a-75cf-4129-a403-ba7e9c027274,North Katelyn,North Carolina,Mayotte,71952
113,4bf0be7e-033a-4a24-b557-ede9469c2db6,Bennettmouth,California,Suriname,42917
114,40022a57-2226-473b-9161-e12187263791,Lake Laura,Michigan,Netherlands,7321
115,ad742261-5858-4ee2-a401-c895487542e6,East Pamelaside,South Carolina,Germany,23874
116,16d59819-fee0-40f1-8725-3c7ac6d276e1,Wolfhaven,Montana,Latvia,49847
117,dc2bd564-6a1d-455a-b75a-4adfa6dd8ebb,South Daltonburgh,South Carolina,Oman,36000
118,37102168-6a28-4555-b58f-c0ef241088d9,East Loriview,Nevada,Somalia,55241
119,bc1d3c89-ec7d-40a8-b9ff-bf0fddcb7e2d,Terristad,Texas,Canada,23973
120,05dec35d-6754-4582-ade5-327299f32c83,East Elizabethmouth,New Hampshire,Greenland,99302
121,e7b6f6d8-068f-44c2-a38d-cf577b6b0c57,North Heathermouth,New Jersey,South Africa,62187
122,c2f0da10-6ad3-4924-b64d-8c2419fe5f60,South Christopherland,New York,Niger,44276
123,263ebf90-46b5-4453-992b-a17f993ba45b,South Johnstad,Massachusetts,Cayman Islands,73330
124,97ff2078-dccc-4314-b37e-fdbc5b1b6bbd,Timothyburgh,Alabama,Seychelles,7953
125,126071f0-6ecb-4ecf-a6a9-29ef0df58275,Fisherport,New Hampshire,Jersey,17557
126,2541a355-b4eb-4ae9-ae6b-de65cef65274,New Mitchell,Maryland,Finland,68142
127,feeb58ca-f5e4-45a0-8c11-66fd772459d5,West Richard,Kansas,South Africa,75236
128,43cec906-6f64-468f-ac60-26913c38ec8e,East Monicafort,North Dakota,Barbados,79370
129,02d8cddb-96cd-4e71-8b58-dbc629ec1799,Browntown,New Mexico,Antigua and Barbuda,1612
130,6b8293ca-8dcf-4883-83dd-263a9bf38003,Melaniechester,Oklahoma,Morocco,68122
131,3fe1b39e-ceb3-4fe5-b836-41b746999830,South Jennifermouth,Kentucky,Jersey,99057
132,06811402-b75f-445d-99b3-e828cb4e8fda,Robertfurt,Wyoming,South Africa,84260
133,fa54a2fc-0720-49b2-8b38-ec3d573968b2,Davishaven,Minnesota,Turkey,46503
134,7d458173-5eb1-429b-aed6-dcb5528c9dfa,Sheltonmouth,Arkansas,Tuvalu,77153
135,d002f6a2-14cb-4f61-ac39-1f8944a95953,East Shane,Vermont,United Arab Emirates,98969
136,b0892a88-cfdf-41bb-ac1a-52426e146bb3,South Lori,North Dakota,North Macedonia,2605
137,72a10333-06ac-48fd-a19b-a0160185fc39,Richardshire,Michigan,Luxembourg,3740
138,1ac40202-a163-498b-8b4f-063f0f84ff29,Barnettfurt,Hawaii,Seychelles,99814
139,44304013-3b7a-429f-bb0a-ce1ea4fad1be,Reynoldsport,Wisconsin,Bulgaria,75872
140,0e3aed20-c3dc-4e3f-8612-3fc1ce1b3f4b,Stanleyton,Idaho,Micronesia,31698
141,e8cfbc82-b5d9-4625-be8a-f422c63abd9d,Stevensshire,Rhode Island,Jamaica,56685
142,c308ef44-7b7f-48d0-9cff-057404a35602,Maryshire,Alaska,Germany,93678
143,e98ffed6-8ff2-47ec-8607-f916503f8058,Steelefort,Iowa,Cocos (Keeling) Islands,84033
144,4ff66dd7-390f-4ce5-ac1a-04ba9ed4b1e0,New Jennifer,Wisconsin,Guadeloupe,82155
145,2eb60243-51dd-4c97-b4de-d6df63882ccd,South Anthonychester,Oregon,France,8481
146,fb0f2e7e-c2c6-47e9-a1a4-5c1083479d4a,Lake Melanie,Hawaii,Romania,58997
147,33506b6a-fe8a-4564-995c-43377b09a662,Stevenmouth,Mississippi,Falkland Islands (Malvinas),7553
148,0de34f84-523b-424e-b0d3-48defeda41d1,Simmonsmouth,Minnesota,Mauritius,53791
149,af3634ed-df1f-44fb-9509-99a9d276b606,New Gregory,Washington,Spain,11914
150,8041e46f-5cc7-4c5a-bbdd-37f3c46b0fb7,Lake Annette,Vermont,Paraguay,71793
151,5e6f57dc-ea71-4bcd-ad90-8d807cb39596,Danielleport,Alabama,Namibia,21865
152,f79e2fac-9904-4050-be3d-904d6b9db562,Andrewtown,Louisiana,Brazil,86744
153,befc22d6-c6c2-49e3-9cb2-5942cd898d83,New Deannaburgh,Hawaii,Dominica,89376
154,8829d9b7-cff3-4fd3-b230-7109fca4265f,South Janice,Idaho,Belarus,15274
155,21c6a38b-4ff8-46e3-9f96-c9471a1c55bc,Lake Lisastad,Tennessee,Sierra Leone,11164
156,904a5ec7-e9ca-44a8-b16c-e55ca362ca98,Parksfurt,Oregon,Trinidad and Tobago,83910
157,a307cabd-3231-4676-9fa4-1e1908f16486,Lake Markmouth,Michigan,Angola,20934
158,a6ed7fc3-f4d5-4308-9899-c7c9149e9b0c,Port Brandon,Maine,Singapore,25494
159,eac79142-0484-4782-9767-6697b7ea6f4e,South Mariahland,Iowa,Kenya,95349
160,fd4fae21-0582-4eb7-9418-92e348b90f5c,Port Jeremyland,Michigan,North Macedonia,32599
161,8ffa2a82-a51c-4755-9867-d3d665812afe,Frankmouth,Colorado,Macao,93971
162,aa1a84f8-bc2d-42d3-9167-95b905ecb9ca,Elliottmouth,South Dakota,Hong Kong,20077
163,349f9fef-6a78-4a3d-b55f-50a10610e1ea,Simsstad,Oklahoma,Australia,54258
164,97a03e11-7ff1-497c-b53c-b8ae76f2e240,New Johnton,Alabama,Venezuela,66372
165,bae15791-6a21-4bef-bdb3-dd8fdaad62b5,Lake Davidfort,Utah,Sao Tome and Principe,5719
166,874209f6-4beb-413f-88ec-729e4747fed8,Mcculloughmouth,Nevada,Jordan,51969
167,69d86726-483a-4325-bbf9-1f7728a52241,West Pamela,Oklahoma,Venezuela,87071
168,1f22759d-b579-4bc2-937b-20e2c28eefee,Carolinechester,Iowa,Libyan Arab Jamahiriya,56418
169,3a6ae33c-1c6f-4a6a-a5d5-320ac25c5301,North Michaelchester,Colorado,Lithuania,76246
170,aecf1789-4d41-4d27-9be0-7e96ca4f8824,Adamsville,Texas,Svalbard & Jan Mayen Islands,47433
171,23a14d5d-cbda-4770-a657-5878a8466791,Johnsonshire,Georgia,United Kingdom,3943
172,fc1c0fbc-9c6a-4b40-b846-2696db1d2205,Jeanettestad,North Carolina,New Zealand,4272
173,a1599a7f-3df5-4a8d-8806-a51760ecdb2e,Evansbury,Delaware,French Polynesia,77275
174,95bf0dc5-c289-4f37-8b28-9992939ee535,Georgeton,Maine,Jamaica,81372
175,31af90c4-3950-48ca-8a08-5141eef98cce,North Danielleton,Delaware,Kyrgyz Republic,40654
176,7ecd584d-2bcf-47f5-9e29-642006a09611,West Kathyland,North Dakota,Rwanda,41602
177,81b58143-f38d-4480-8127-fe48e8f55e70,South Katieton,West Virginia,Martinique,21288
178,b75b9252-6814-4afe-8155-9d7180698dfc,East Allison,Connecticut,Uruguay,25346
179,2dcbda41-7c87-4692-b054-ccd3748ff989,Lake Wesleyberg,Maine,Lebanon,35817
180,abb179ec-76c5-4b46-a23a-8296815a1af0,Jacquelineburgh,Colorado,Serbia,54120
181,b12194df-9db9-4cea-a4fd-244b8d71dc4e,South Kathrynberg,Alabama,Mexico,11091
182,15b9c755-7d13-4797-80a8-11ad9732d22d,West Luisville,Florida,India,46317
183,c385d0e2-a231-4e3d-9f86-b84198afd475,Port Desiree,Indiana,Western Sahara,65130
184,8465ba9d-db56-40a7-b8d0-6189f948fa2b,North Ricardo,Michigan,Saint Kitts and Nevis,36738
185,2257cf6f-d210-4c5c-9c75-2b0bfebd341e,South Karenton,North Dakota,Cook Islands,1811
186,76ad5a2a-1cd0-4490-bfcc-dc58d1bf4696,East Alexfort,North Carolina,British Indian Ocean Territory (Chagos Archipelago),27720
187,8d45a9a8-18dc-455c-b188-9d517d4935d1,West Allenton,West Virginia,Palau,6946
188,c9a60872-725c-42e0-a72c-f8ca6ac45d9a,Stephanieside,Arkansas,Zimbabwe,11701
189,ca295046-0db9-42b9-8ff3-4d4482172f72,West Rodney,Mississippi,Malta,13626
190,b018dcdd-1fc7-4732-8175-d40766a2fa02,Jonathanshire,Wyoming,United States Minor Outlying Islands,25347
191,f8832ace-5179-42ac-8706-4b159df6cb39,Dalefort,Indiana,Brazil,16561
192,723f46ff-a6ba-412f-b66a-cb057363a3ab,Taylorton,Connecticut,Timor-Leste,87309
193,fecebf4d-b222-4f88-8cad-6563e718f4b5,Ianburgh,South Carolina,Zambia,57677
194,d040270d-cb78-4bb2-938f-4c23837a0efa,Theresashire,Maryland,Saint Barthelemy,47210
195,83af2bf4-469a-46d9-9d5e-c522f4828bf7,North Stephanie,Alabama,Malawi,99436
196,acec45fe-f1bb-483b-bd67-b5c2883f417e,New Catherineborough,Mississippi,Vanuatu,37166
197,6bc84923-4834-4265-959c-e4ee31f8d7d1,North Caitlinfurt,Indiana,Macao,34995
198,419c2d19-a03f-4b87-887e-dc14faf63b81,Port Carly,Arizona,Ghana,43896
199,689712c8-8045-48ee-acb1-15ffd7d96015,Lake Annefort,Oregon,Seychelles,72633
200,5a91cb24-7810-4525-af70-c868dc5bb201,Port Robinchester,Florida,Angola,47860
201,383ab086-803d-485a-a754-6baec2829336,Cooktown,Massachusetts,Costa Rica,99658
202,7bf21f64-cbad-44f3-8ad3-c187d099cd78,Antonioside,Ohio,Slovenia,55006
203,e6b3882e-87c5-4eaf-96a5-02f0e7a5a198,New Douglasside,New Jersey,Samoa,59213
204,e86db67f-aee8-49f4-b129-b11efbb907ad,Lake Ryan,Delaware,Seychelles,94448
205,abdea600-77b2-4bdc-8c5c-fb10684436d1,Jonesfurt,Indiana,Nigeria,42310
206,da7ff8a7-48c5-4ece-a696-83f414292b5d,Scottberg,Wyoming,Estonia,53930
207,7b6d6631-b764-4e32-aaad-264a6454b79a,Guerreroburgh,Missouri,Martinique,2725
208,23826c6d-3c74-4bfe-b3c0-fb39d347e9df,South Nicholas,Louisiana,Trinidad and Tobago,80512
209,c4bf23f6-93b5-4483-b6ca-3d70802c34de,New Leslieview,North Dakota,Chad,88929
210,bfe842a5-7878-4315-bab0-1006c4c558e3,East Janet,Minnesota,Costa Rica,48318
211,9b119587-8845-4d27-954b-f5e068d9867b,Jacobsview,Delaware,Guernsey,65056
212,c3a60b8d-4ea4-4f19-aa8c-ad43edc74b56,Port Scottberg,South Carolina,Christmas Island,94697
213,146826c6-f44a-4b18-bb70-5c3132813687,Port Josehaven,Nebraska,Poland,33663
214,209956a1-37cc-4d08-a86e-95501302b3e7,South Christophermouth,New Jersey,Sri Lanka,11113
215,e297360d-cd68-49ac-88a8-1a264f127769,New Heatherside,Indiana,Antarctica (the territory South of 60 deg S),92351
216,a3887352-c9ad-4f22-9b0b-663c4b7e0dcd,Russellberg,Hawaii,Western Sahara,12881
217,c2e8ff27-b2ba-4bc9-b5bd-a8b03912a033,Petersonton,Pennsylvania,Martinique,40928
218,47cea6f4-c6d3-4105-a8ea-fb365de691d2,Greenefort,Iowa,New Caledonia,26041
219,54f00a59-2aa8-40ce-84ec-ce457e9697c9,Cherylside,South Carolina,Nauru,77769
220,659ec787-12f9-400e-ae29-e368624dc1c9,Sarahhaven,Delaware,Afghanistan,22493
221,8e19aa36-1f04-4847-8a4f-aa6262aea612,Johnberg,Rhode Island,Gabon,91781
222,d32a8ef8-c3ae-48b1-a383-c03363184b8a,Port Lauren,Arkansas,Sierra Leone,9783
223,c6ed1e3e-9739-4d3d-9355-d2a0c90ce050,Careytown,New Hampshire,Morocco,70221
224,968c0157-864a-483f-b79c-c8abbb77480b,Sharonstad,Oregon,Senegal,87051
225,d5cfb4af-1263-4ddb-8cda-c6e245a97bb6,North Matthew,New York,Sao Tome and Principe,34174
226,7a9ccc3b-b50f-40d2-931f-744a82fd8bf6,Haleyside,North Carolina,Bermuda,65267
227,5d4c9075-9afa-4f52-bd48-9ddfbed91813,Lake Wendyside,South Dakota,Montenegro,20751
228,b30a93be-69aa-4c8d-870a-64fedb4721c4,Stonemouth,Washington,Korea,29632
229,79d40722-a2b1-4d80-aed0-f4fe36d136ee,South Russellfort,Virginia,Argentina,81552
230,dcb49e9c-47ca-44c0-88ab-a9d3df5de37f,North Jamie,Illinois,Kazakhstan,26056
231,02cac90d-3ed3-4112-8ce8-18494a44fb40,Cherylchester,California,Thailand,16535
232,aef77edb-a7eb-458e-a276-d4ddc000d53f,East Ryan,Iowa,Turkey,41186
233,92fdea84-57e9-473d-bd5f-8e5021f93562,New Susan,Maryland,Saint Kitts and Nevis,8141
234,93c92ab8-387f-41f9-a87a-b10dff170437,West Christopherchester,Florida,Portugal,68435
235,8680cad4-6e23-4665-af05-9ba441853b62,Lake Danielle,Hawaii,Guyana,9979
236,b68512e8-842a-4a2a-ab26-37b9d8c56878,Simonburgh,New Hampshire,Bolivia,81075
237,65b2bee9-ac28-4f72-9c1d-aac60ec5225b,Port Patrickmouth,South Carolina,Wallis and Futuna,62594
238,5a2f350b-f646-4ff4-8d9f-faf8f696580f,West Christopher,New York,Dominica,29531
239,aed8aade-9821-4f68-bbd1-913af2ba66e7,South Becky,Illinois,Finland,54702
240,833845c6-d81b-4008-a595-f2687c5ecf4e,North Philip,New Hampshire,Greenland,80816
241,c2e6c1ba-27eb-4b0f-9735-e58b136e8862,East Dawn,California,El Salvador,57733
242,60adc63b-695f-48c6-88c5-dae4b119ef64,Lake Wyattmouth,Alaska,Syrian Arab Republic,47691
243,47ae043e-5987-47ba-b143-ab56830f020d,Osbornebury,Colorado,Netherlands,36464
244,6f924c34-4da0-494e-9076-afdc5ae47670,Grayshire,California,Uruguay,59953
245,3e789930-7b87-4e22-8413-fa1adacd0ee6,Scottfurt,Utah,Brunei Darussalam,30782
246,99972098-7039-4d28-872c-f16cb20b8edf,Freemanbury,Alaska,Kiribati,76090
247,64399e86-c70d-42be-a0ad-4a0682761a2a,West Maryborough,New Jersey,Gambia,22428
248,4a770d8e-97b3-4f9c-b3bc-4fee9cc0abf7,Melissaberg,Louisiana,Korea,60973
249,7d7266b7-d0b5-42da-8aa8-331fd856cdbe,Lake Mistybury,Alabama,Tunisia,59074
250,0b9853e6-b5c4-4ff6-9325-78d8a7fa1c5e,Port Nancy,Arizona,Iceland,57054
251,f1d2bea7-6e36-4044-9f8b-1b027a1c66cd,Lake Steven,California,Myanmar,91772
252,89e520ad-7e10-449e-b5a5-67078efa7c26,West Barbaraport,California,Thailand,81021
253,bb28f5e0-7a6a-4e91-8455-8eecfdfc63e7,Parkerfurt,Alabama,Puerto Rico,9376
254,7d621d3d-fd70-4829-aaca-3203613ed7a5,South Scott,Colorado,Estonia,63860
255,be3641aa-fb9a-4b6d-9aac-eb373756eab6,East Ryan,Nevada,Dominican Republic,15128
256,af99503c-ff42-4f51-ae41-bb7a22110cd1,West Joe,California,Morocco,54839
257,85f541a9-51ac-4fc0-8c2c-df49c189c626,Port Leslie,Maine,Zambia,92650
258,04bb027e-9d18-4856-a2a3-bb7795e691b5,Port Patriciatown,Montana,Cameroon,33069
259,6d6bdc1b-1ac5-4fa1-96a3-a429eb8079d5,Noahstad,Vermont,Panama,16800
260,58535663-879b-48b3-93f2-7898dea7999e,Wileyside,Michigan,Moldova,69426
261,6268d58a-c9b2-43ae-bcbd-cdb5802adca0,South Ebonyside,Mississippi,Equatorial Guinea,14773
262,9ff980a0-eeeb-42df-ac0a-1ea195a3f609,Loribury,Washington,Haiti,78723
263,944ae779-696f-404b-a5eb-cc883f880e3d,Michaelmouth,Arkansas,Mauritius,74594
264,0ea45cf5-8de6-4e50-b98e-6eaf64df16e2,Wilsonberg,Massachusetts,Cameroon,12481
265,3d891fcb-4138-4254-b965-688480cd600e,North Frankville,Georgia,Czech Republic,49879
266,172e1bf2-294c-45ff-9afe-23985ad4dd8a,Ruizland,Florida,Liberia,85097
267,c54721b5-618c-4dc6-bf59-da41d1cfe6b3,Port Calvinfurt,Kentucky,Liechtenstein,73851
268,57aa75ec-4586-4620-9195-cdfc34ac2862,Charlesbury,Washington,Angola,3065
269,db6d696c-702a-4535-9c46-76e4b4dde82f,Port Jessicaberg,New York,Belarus,64162
270,af66fb4a-c1c9-480d-9737-b125110a6261,New Jenniferfurt,Georgia,Moldova,95834
271,34346358-f33f-424f-8a6d-7f9dadc8f7e3,Bradleytown,New York,Liberia,1951
272,695217be-ec75-44f7-81a9-93d7763bf9a4,South Kimberlyfurt,Hawaii,Malta,73513
273,4c3e9ad8-3895-4e56-aefb-048769229962,Hendricksberg,West Virginia,Georgia,42197
274,11d5327f-bf10-442f-bf93-b33a06695c47,North Susanton,Wisconsin,French Southern Territories,55581
275,6b54a218-e134-451d-a357-069a5e648d75,Courtneymouth,Oklahoma,Dominican Republic,18517
276,9721147a-a86b-4a7b-a2c1-e278bdd5ec9e,Catherineview,Maine,Rwanda,89958
277,accbe73a-8e32-47b4-b58f-74ac8071e86f,Patriciaberg,Mississippi,Northern Mariana Islands,50784
278,dc3596d3-7472-4862-b7eb-283746bfb383,North Natalie,Illinois,Bermuda,3303
279,b8a576dc-954e-4a09-97a1-4a2bfa4ce58d,South Kyle,New Mexico,Ukraine,61633
280,482c4fc7-496c-4022-808f-c49032aab66f,Nelsonview,South Dakota,United States of America,38211
281,3e70a760-c59a-410b-b00d-33962b4e9555,New Annefurt,Montana,Tuvalu,67070
282,1c1217f0-b6cb-4d25-9d09-271b35e126c7,Port Michaelburgh,Rhode Island,Antigua and Barbuda,11018
283,da0c5725-d6ce-4622-8f3d-c18a7fd382c0,West Catherine,Ohio,Grenada,94835
284,3874f3c1-da72-459b-b009-9a7e349bb42f,Johnsonview,Ohio,Antigua and Barbuda,6848
285,adb4cf12-00b8-4583-a09e-16307b50a043,East Aaron,Nevada,Somalia,70497
286,7c90c134-2692-427f-93a2-c06ff86583c9,West Kevin,Louisiana,Montserrat,66407
287,139cc6e9-e1e1-4561-9e0b-d116684cf024,Myerstown,Nebraska,Grenada,67370
288,155be221-a718-4056-a317-a5f54ffbd849,Zacharyshire,Idaho,Saint Martin,4594
289,3f32fc62-1642-4f68-85c0-7dcfee7cfa0a,North Brian,Colorado,Kuwait,12720
290,5b978347-fd56-420e-bfe2-447b41d38421,Langfurt,Colorado,Cote d'Ivoire,2628
291,fa62044d-1fc7-4fa6-be24-16e2c64ec8aa,Lake Evanmouth,Connecticut,Guatemala,17045
292,88083bef-5682-471a-b262-0f916ecc0086,Timothytown,Massachusetts,Slovenia,88350
293,fa0e3be2-79de-497c-9ece-5e0eff3a8940,Martinville,Washington,Nigeria,54467
294,b4e18f2c-c15a-400a-85ef-dc78bdbb0514,North Emmaport,Maine,Japan,66562
295,f766af1c-41e7-4dcb-b915-adc3e358ce38,North Jenniferland,Hawaii,Barbados,23152
296,de84a386-4f64-42fd-bd28-b270b57ef597,Michaelfurt,Maine,Hungary,54525
297,3b800567-dfc5-4d7c-be7d-5e6ee441b3ee,Stevenview,Colorado,Heard Island and McDonald Islands,64741
298,7978b668-049f-462f-af25-13ad3481ad4f,South Danielleville,Iowa,United States of America,81717
299,92614253-d6dc-4516-9000-8c8579136f09,Robertsonborough,Tennessee,Andorra,91887
300,b41d3bcf-58e8-44ad-9890-95b629c70231,North Nicholas,Pennsylvania,Yemen,98418
301,49409b89-a4b2-42c9-a6d7-e8146bf1d70e,Tiffanytown,South Dakota,Wallis and Futuna,74460
302,6605b656-6e4b-4290-bc59-d5c0eed38185,East Kellyborough,South Dakota,Antarctica (the territory South of 60 deg S),21250
303,45587652-dc83-422c-83ee-47d713c09a2a,West Erik,Georgia,Marshall Islands,56247
304,3aaa8282-bfb1-4c27-a0bd-c4b628211ed3,Humphreyburgh,New Hampshire,Moldova,44774
305,165c1dda-e29d-47fa-be9e-60840776c561,Millerstad,Florida,Qatar,99238
306,6394f35c-7746-4a95-aca1-4ab4abb828cd,Travisville,Illinois,Hong Kong,87913
307,58aa7f47-a8c0-467e-aba7-44603fb9b7f6,Lake Ethanview,Oregon,Saint Lucia,91502
308,df4fe947-cfb7-4424-a8d9-d7584d1dd814,Ellischester,Maine,Morocco,59147
309,e9bed710-585c-415c-a34a-35b09db9a3d9,New Richard,West Virginia,Holy See (Vatican City State),68197
310,e56251c5-6b96-456c-a293-4889aa9dd602,Port Heatherfurt,Wyoming,Guatemala,18237
311,df9990da-29d2-4904-a466-bcbfdb080c32,Delacruzton,Alaska,Libyan Arab Jamahiriya,32028
312,3b2db25a-f664-4c2b-835b-46286b6fbe54,South Brandonfurt,Georgia,Tuvalu,43312
313,620ca6ce-ab55-4de1-8f35-5384df2fb42e,New Aaron,Louisiana,British Virgin Islands,90300
314,e963228b-7479-465b-98ba-c19fcfceef53,New Thomasburgh,Connecticut,Isle of Man,11718
315,fcb0abe0-2904-40d1-8183-e4dfa9d2a3fe,Lake Kristinafurt,Idaho,Uruguay,39904
316,8a771d70-7f64-4fd8-8e5d-2880ced35fa4,Heatherton,Ohio,Eritrea,60181
317,87c8248c-b958-4778-ac39-9f97494de309,Port Gregorymouth,Montana,Malaysia,30689
318,eb16b8da-4690-43d5-b574-76c48b3ddcd0,New Rose,Maryland,Suriname,86360
319,a669bcfa-d4cd-4164-bbcd-7cf40becff6e,Rivasbury,Washington,Singapore,29819
320,f7ad01a2-a5e8-4460-ae59-7e6e6e88f9d9,New Nicholeland,Vermont,Nigeria,2496
321,b5ebbbc6-2fcb-45cb-8215-0c5098e16777,Lake Katherine,Oregon,Palestinian Territory,46124
322,5c62eb90-80e6-4161-893e-18d38e12c4d7,Jacobston,South Dakota,Martinique,49259
323,ec9d85d3-197c-4b89-9130-c8421011f031,Erikaville,North Dakota,Taiwan,11969
324,9f8e97f5-23b9-4034-9b84-b15eb55dd430,Williamsborough,North Dakota,Antigua and Barbuda,78759
325,83b32961-0ce9-4a95-9e54-2ac5002cd5ef,Joshuahaven,Indiana,Mali,16945
326,ea2481b3-8fb1-4017-aea3-487721dcedce,West Allenburgh,South Dakota,Western Sahara,28387
327,907705fc-82ce-472f-bd45-c184282af932,South Melissashire,Virginia,French Polynesia,96532
328,c775b360-f731-4d88-9cd3-fd56fb031378,East Donaldfurt,Alabama,Central African Republic,93009
329,cf455ad2-7145-48e5-8100-4fddccdf5f35,Lake Fernando,South Carolina,Gabon,38780
330,2fb557d2-bcbe-4447-82da-aee269893f3b,West Ashleyland,Nebraska,Honduras,83591
331,7affb7fd-e73e-4051-83e2-4191b25a9e24,Jeffreyberg,Texas,Congo,52868
332,43b5fa73-da36-4d69-ae3e-540d71c20814,Vanessastad,Georgia,Germany,71552
333,b3a04191-a9ef-4644-a22c-5b52b9e02c7c,West Bryan,Indiana,Armenia,60738
334,6126bd41-2abe-4301-8343-3200b4b78380,Freemanville,Alaska,Algeria,15469
335,1bc186fc-24fd-4307-82d4-63ceb0350c74,Hunterborough,Indiana,Guadeloupe,30319
336,d06e1faa-278e-41b4-a4e1-2efd20c7d25d,Mitchellburgh,Iowa,Taiwan,78126
337,950aca54-c572-4428-951a-a67845cb665b,East Sarahhaven,Oklahoma,Equatorial Guinea,85744
338,1b752e1c-06eb-4d30-9c1a-22bda4ceae68,Jillstad,Arkansas,Sri Lanka,96083
339,5e7934d0-eb67-43e1-9516-b543dd0022b7,South Michaelshire,Connecticut,Lebanon,5021
340,46d2b63d-e8a5-48ff-9d61-e88bb93d0185,West Amy,Pennsylvania,Estonia,84132
341,3c914fa3-f3f5-4f28-b0d6-e6eee0192f91,Glennville,Ohio,Belize,56734
342,e21c99df-d987-4f0a-898d-62972b75caf2,New Johnburgh,Maine,Kyrgyz Republic,71830
343,ca9f4341-cb16-451d-bdb9-8f876eb33c21,Sherryborough,New York,Solomon Islands,79384
344,aadfc948-9e4d-431e-9065-2013c53f7931,Lake Kevintown,California,Haiti,6641
345,01232a06-c0c0-4e3c-a833-cec7a0206e12,Port Reginaldport,Tennessee,Cocos (Keeling) Islands,12978
346,18a13f9e-ad1e-4538-a370-db6e675e3fdf,South Brandyton,Georgia,Tokelau,34363
347,13ae0541-3143-4210-bc24-cf3b2951a056,South Nicolebury,Maryland,United States Minor Outlying Islands,5162
348,a0e5d88f-554b-4cdf-9fc0-16aaa339c51c,Lake Kelseytown,Florida,Poland,49200
349,7e20d8b1-cb4a-435a-b8cf-305c08b1b0b9,Lake Nicole,Florida,Argentina,82646
350,7112f442-e61d-476c-98d4-cf1d48e362c5,South Ginamouth,Arizona,Slovakia (Slovak Republic),25137
351,92349d08-99ce-47a9-b517-c377464357ec,New Laura,Utah,Tanzania,39861
352,f7952494-cd84-4e8d-86f5-aac0c1b8c971,Anthonymouth,Washington,Guadeloupe,87795
353,558726ac-7c0e-49fc-948b-f4668688e992,Valerieside,Arizona,Namibia,45773
354,70fb601c-491f-452b-aa17-d76b67f1d690,Williamshire,Louisiana,Denmark,85469
355,1f7f8e95-bdba-4764-ac6e-c8325ac6b2a2,Markbury,North Dakota,Latvia,94222
356,11df335b-a136-46bd-aee3-65f750fac860,Rachelton,Massachusetts,Bouvet Island (Bouvetoya),97900
357,0a8f1122-6318-4a7e-85d6-7ffc25ddece7,Millsland,Washington,Gambia,91268
358,a85b4e1f-b86c-43d4-8705-6e4a782170db,Manuelfurt,Wyoming,Nepal,35281
359,1168ff28-e7ac-4b1d-9ca1-f5c4fa3385d2,Ginatown,South Carolina,Grenada,12897
360,742c9740-e295-4d98-887e-714fe1e098c3,Loriside,Ohio,Lao People's Democratic Republic,84905
361,6eb2251c-3580-4d6a-9f95-a355196d7275,Gonzalezville,South Carolina,Turkey,6261
362,c93d5526-1fec-4162-8063-b35fc232274c,Lake Christinatown,Utah,Reunion,19691
363,b1f0a1eb-c3e4-4cdd-8976-aec5b105abf7,Lake Jonathan,North Dakota,United States Virgin Islands,48224
364,e46d51a7-63d0-4e53-a6cc-bbce6c288f79,West Karenfurt,California,Netherlands,58980
365,0a18c63c-2c6d-4c21-8568-2a4a4847f1aa,South Jeffrey,Virginia,Slovenia,33711
366,b37aa670-4f85-476a-9476-3c1448512d0e,Lake Heather,California,Marshall Islands,77685
367,32fee4e6-41da-4357-9982-7cf8db75660e,Patrickmouth,Pennsylvania,Estonia,19014
368,5736924b-1b46-4936-8dfd-ea0b8c765696,Morristown,Texas,Switzerland,35276
369,d52ba703-a5b2-422a-a141-602cc093ba7b,Hamiltonview,Alaska,Ecuador,19830
370,e07838c0-c47b-4900-90d9-2cd42eba546b,North Nicoleland,Iowa,French Southern Territories,41633
371,7abf4b3f-2cac-423c-ba04-3fa500556ead,Lake Sonyafort,West Virginia,Benin,83031
372,07bcc753-b68c-4b28-b682-be229d35980b,Dominicbury,Oregon,Philippines,98251
373,4e7a8353-7871-49e6-ba6f-425d6a1e988c,Lake Amanda,West Virginia,Isle of Man,11356
374,60b49121-85d8-4d42-80f1-a8c6ea183c1f,New Lisaside,Connecticut,Dominica,11914
375,d7c6ca11-8d64-4be4-a3a2-150cba280c06,Lake Daniel,Tennessee,Hungary,99754
376,903180f5-986f-429d-b091-3ca5f4ea0c7a,East Sarahburgh,Minnesota,Solomon Islands,42027
377,ec6847d5-144c-42b1-b541-a47ef3f1bd9f,Montgomerymouth,Utah,Reunion,6172
378,c29d93d6-6a6d-4bd9-9b2c-e04e2cfccb50,Melanieborough,California,Djibouti,28967
379,ca34e016-34b7-41de-b6c8-909aefb96ca7,West Jacobborough,North Carolina,Trinidad and Tobago,40259
380,38a37464-5981-498f-8a1c-d3b66215bdd9,Loganburgh,Alaska,Fiji,16763
381,57e32177-e6d7-42fa-bd0f-e53089e2e794,East Valerieton,Nevada,Tanzania,73510
382,ba60346d-fadf-43cd-b2d1-6acd70453f9a,Sandersshire,New York,Tajikistan,59611
383,64a4ca49-d802-46f7-b78c-7620daa9967c,Burtonmouth,South Carolina,Dominican Republic,58154
384,1c51b645-89ad-4736-807d-fb9704dd242e,West Jeffreychester,Delaware,Morocco,74450
385,23e655fe-6189-400d-9756-2d5d4d8f5398,New Jamesfurt,Massachusetts,Zambia,47143
386,da12073c-dc60-45c8-ba04-fbdbf72561fd,West Jennifer,North Carolina,Bhutan,19010
387,f51a4f35-37ba-476e-82af-68dc0c51a32a,East Amy,Georgia,South Africa,65294
388,c6b8a94b-bfa4-479c-a52f-deb4746e210d,East Jenniferbury,Louisiana,Haiti,26619
389,6d3b954a-586d-48d6-a0fc-2ac39512b304,Taylorshire,Ohio,Thailand,2974
390,74c42776-a8a0-44a8-b894-507db4237633,Lake Sherry,Rhode Island,Albania,97774
391,9548c0bc-84d1-4acd-a9fe-374d1ab79f68,Smithbury,Nebraska,Guinea-Bissau,38041
392,d1156a0b-d3c1-4d72-9464-d9da886e4c6a,New Stacey,Mississippi,Poland,56189
393,a9bc82fb-75cd-4425-b265-6907525176d6,Lindaside,Wyoming,Pakistan,86947
394,6fbe960d-d39b-4f6f-9a10-4d021723f731,Joneston,Ohio,Ireland,57386
395,3f5af135-bad0-49ff-b8c7-db62b613f266,Port Bryan,California,Congo,42122
396,09db581a-639f-48cc-80df-f3cc99ce5db8,West Jeffreyview,Georgia,French Southern Territories,76936
397,b8c249b1-c579-4e5e-9bc5-9302b8c67611,Jeanettemouth,Michigan,Finland,43185
398,daa2bf26-6e28-4cb4-824a-6f344fb67e45,West Andre,Tennessee,Monaco,10422
399,cb42306f-c2c5-4c54-b037-d1e22ee3422e,Kathrynview,California,Bosnia and Herzegovina,88677
400,ace5b7d7-83bf-4dc1-a357-f8a4c71cfd23,North Linda,Vermont,Bangladesh,62305
401,787213fd-9cae-49e0-b5a8-cac21cb0264d,West Lauriechester,Georgia,Denmark,54125
402,909247dd-38a8-49a5-8033-1d133e372965,Lake Johnathanberg,New Jersey,Cuba,61222
403,977b6e7b-ee14-43a0-8821-7c053ac24847,Port Danielshire,New York,Albania,27411
404,66df16d0-9e12-4066-a676-98cbf847af42,Jacobsfurt,Illinois,Ukraine,90417
405,942aa966-5f6c-4b5a-a216-abc81bc4e384,North Daniel,South Dakota,Guam,22911
406,de55111e-97aa-4b4e-be90-73904ba201e9,Katrinaport,Delaware,Moldova,67923
407,3d4bb87e-b6a4-427e-80aa-f1ccdbeb8e67,North Nancy,North Carolina,Brazil,14784
408,57db18f1-a50a-49e4-89f0-271e0a101d6a,Burnetttown,Missouri,Switzerland,96578
409,a90c2e8d-0eb0-4726-be2d-721e2567bb62,Matthewside,Arizona,Indonesia,20833
410,eb431a59-ff35-436e-b463-11419d9eba4c,Crystalfort,Maryland,Kenya,55934
411,151a2469-e3f0-49cc-8ffc-23452c15e7a4,East Robertchester,New Hampshire,Pakistan,19858
412,37560d09-12e0-4243-8b0a-300882592377,North Alyssahaven,West Virginia,Congo,93193
413,ee22558e-5a2f-4a26-9ec4-c7101442bdc7,Port Thomas,New Jersey,Latvia,25728
414,9f7356aa-1eee-48e4-8917-58ffd36c980f,East Emily,New York,Colombia,92522
415,68440587-f741-47b2-94bd-b1da9284cfc4,Harrismouth,Virginia,China,69577
416,db290f1e-1ee8-4f75-a284-9cf9fc902a0c,Thomasland,Texas,Philippines,52063
417,ce72b40e-9517-4cf3-83eb-4e6ff3ea3b85,Chadbury,Georgia,Austria,34674
418,60c94354-6d6e-4603-ab51-be9aaa1993ad,Dawnland,Kansas,Seychelles,11817
419,aa32a64e-51bb-4d58-aa74-bd63c5bc0d04,Port Katherineport,Rhode Island,Morocco,30616
420,bdacaa17-7d71-4f15-a4a0-244f2c2a82a6,West Samuel,Illinois,Vietnam,64883
421,059a4b55-1e68-443e-9c07-23991098425e,Kimberlyport,New York,Djibouti,86772
422,61df3f71-93a3-494f-9270-2bd1f468dc85,West Timothy,Hawaii,Mauritania,96557
423,2578d2ef-e622-41c8-bf86-4395ed7911b4,Alexandraland,Alaska,Ukraine,61619
424,ace223fe-6b4d-4872-8730-f4a89b0e2d3d,Thompsonland,Wisconsin,Switzerland,83662
425,aeb0eefb-8f8e-49a3-a01b-25ab099b8a16,Rebeccafurt,Pennsylvania,Madagascar,20137
426,5f8673fd-a938-4462-9754-4038fae327d4,Melissachester,South Dakota,Cocos (Keeling) Islands,10303
427,6fa72819-d939-4105-be50-fbc87d33262a,Scottland,South Carolina,Morocco,89137
428,218fb58e-4b7b-4b5e-a723-8dd17a871dcb,West Monica,Louisiana,Reunion,62412
429,4324527c-b090-4927-a123-18fef41d7a5a,North Tracy,Mississippi,Colombia,59639
430,c123274d-0616-4ac7-aa95-31c5ccd51efb,Lake Jason,Delaware,Poland,6069
431,c1b33ee5-bef7-45c6-b87a-b1b483eff8d7,Michaelchester,North Carolina,Kyrgyz Republic,45438
432,24709bc1-3cec-496f-bbc2-882876c06ddb,South Christopherville,Florida,Austria,52156
433,192c28b0-7d3f-4cc0-ba7d-9a68655eed9e,West Yolandabury,New Mexico,South Georgia and the South Sandwich Islands,9845
434,d9783f18-c920-4522-ba26-ec3fa9d5a93f,Ellisville,Nebraska,Martinique,10956
435,8f3706e9-168f-44f3-989c-f2d3145b0fd8,South Jenniferport,New Mexico,Belize,92600
436,65e1b212-6920-4fd3-bfd5-a099a1792b5b,Jessicamouth,New Jersey,Hungary,94277
437,5c83699d-0c00-40e1-8297-a67c60d80f0f,South Prestonton,Montana,Slovakia (Slovak Republic),66984
438,6e68afd4-cf69-49ea-9e4a-25c5ff1f6ff8,Bradleystad,Illinois,Saint Kitts and Nevis,9562
439,c8bf61ce-7704-4718-a56c-bc55b8648adc,Destinyport,New Mexico,Solomon Islands,48196
440,6455c3ad-5975-4625-a4fa-ad31fddce444,South Jamesstad,Wyoming,Costa Rica,93087
441,6560c4c3-0799-4eaa-ac12-993581b4ab9c,Lake Mark,Maine,North Macedonia,1694
442,fa5162e7-f10d-4221-94da-16020d550896,Hughesberg,South Carolina,Bangladesh,55647
443,4302e4ab-7bff-4284-96ab-ec3867c77c54,Camachomouth,Colorado,Bosnia and Herzegovina,42759
444,03bcc0b7-4b47-4cac-8be9-59f3401b635b,East Josefurt,Idaho,Sierra Leone,52614
445,8be319c0-7b8a-4982-9934-c3d676df9fe1,Lake Samanthaborough,Nevada,Yemen,25812
446,2f9f2669-44fd-4da3-9278-a8f0753d0120,New Barbarachester,New York,Albania,19544
447,b9a64a2f-d8da-4fa1-a49a-d83fde501f87,South Destinyview,Maine,Vietnam,81272
448,30296f9c-6693-469e-9a24-db62d3f709df,East Nataliebury,Kansas,Antigua and Barbuda,11142
449,3486e46f-ace9-495e-9d9d-5c53b3dc0724,Lake Amber,Florida,Reunion,80817
450,446ac213-19d3-484b-bec7-f29b6cafecbb,Monicaberg,Oregon,Djibouti,27040
451,b6df8ed3-a5f9-4b0d-b805-5e2abd0505c7,Glenmouth,Ohio,France,46378
452,cf6f4901-2447-4661-83c0-12ccb4f191f0,Jamesburgh,Michigan,Cuba,90320
453,ff05d1a9-f5b4-4897-9fb2-6fcd69ccbc1f,New Valerieshire,Maryland,South Georgia and the South Sandwich Islands,43037
454,7a553344-4ae4-4ed2-b19d-9f21050645b0,Perezborough,Texas,Yemen,17541
455,b9c5189e-4260-415b-9beb-8c765fd9f938,Joyceland,Iowa,French Guiana,53346
456,e4b6147c-f31a-4d87-9a44-df978b16fd40,Brittanymouth,Oklahoma,Kyrgyz Republic,99436
457,e3e2c886-d6e8-401c-8221-3ff59850a200,Taylorbury,Georgia,Paraguay,12448
458,ce6c0b6c-db9a-4f0c-abf1-49c286db779d,Jenniferport,Louisiana,Western Sahara,15051
459,1d0dd009-f056-46c4-baa6-6f40407d7bbc,West Amandaview,New Jersey,British Indian Ocean Territory (Chagos Archipelago),80540
460,a911da56-79e3-4761-997a-60fc834d4c3d,South Alicia,South Dakota,Yemen,5297
461,48988e07-b334-4bca-b15e-6e66e65e7741,Michaelchester,Pennsylvania,Uzbekistan,94485
462,b42f257e-add2-48a7-9641-0e06d6e6bba3,Christianland,Rhode Island,Puerto Rico,6027
463,f8810d6f-62a9-4a40-88c1-afcbcd23f6a5,Davechester,Delaware,Isle of Man,32104
464,14da0cd1-e951-474e-9ab9-1db48f3e92a7,New Matthew,Washington,Belize,16115
465,7222a654-b765-4e0a-8bec-2a43be3cd0e3,New Dustinview,Idaho,Malawi,30288
466,13b6903d-3fdb-425b-b47c-3368d282614a,North Robertberg,Louisiana,Oman,79503
467,6e678e84-ab97-4e9d-8576-7321c8f61bb6,Beltranfort,Alabama,Singapore,94281
468,4306732f-d431-4630-bc1a-e5ab8c4d0da2,Dustinport,Nevada,Suriname,37559
469,98596984-25fd-43b5-984a-c25d0506456a,Port Kimberlyfurt,Massachusetts,Greenland,3265
470,12450fbe-93f8-4785-9679-ed3a3f43f96f,Joshuastad,Oklahoma,Nigeria,83848
471,af914203-eac8-4a04-9c14-d792a8f3337c,Hollandstad,Texas,Dominican Republic,72114
472,7da6f866-d436-41f3-8f97-aaefef5fb006,West Tamara,Mississippi,France,94379
473,3522c1b8-2637-4018-b891-bfe6053dc623,Port Adamborough,Alabama,Argentina,62793
474,7204abe1-e46f-455b-8b35-6d8763b379c5,Thomasside,Texas,Ecuador,88784
475,65b08c18-0e6f-4566-a435-f99d25baa987,Loriberg,Pennsylvania,Mozambique,50152
476,f7953178-d458-4249-9309-33f62ce80d54,Woodhaven,North Carolina,Antigua and Barbuda,70498
477,03bc5fe6-d5f7-4b62-98eb-216d4135f115,Portertown,Arizona,Sri Lanka,72594
478,a9fc3755-5f26-4756-9948-74412134f92d,West Davidfort,North Carolina,American Samoa,56637
479,1b2978d1-a594-4ae6-90bf-d4eb8fd2dcbd,Port Mary,Arkansas,Turks and Caicos Islands,92822
480,586d1691-4396-4e5b-8a0a-cfc520447415,Philliphaven,Nevada,Bouvet Island (Bouvetoya),31621
481,728b731a-0f03-45fe-af86-39bdd38240e8,East Christopherberg,Kentucky,Saint Vincent and the Grenadines,60772
482,586edf63-babd-4f72-a721-e5d830dc9b44,Hernandezmouth,Ohio,Northern Mariana Islands,64089
483,50d71b7f-ac4c-4f07-a0fe-a7be9e160f75,Shermanville,Tennessee,Cambodia,38641
484,ec9aed25-1ac0-4a84-ba74-96a7aae6f5f3,Brianhaven,Delaware,United Arab Emirates,84097
485,2348eca5-2416-464a-bd63-968b8456052b,Reyesstad,Florida,Gambia,43062
486,365a00db-ba5a-4e22-bd5b-ffa67d42317d,New Rose,Hawaii,Uzbekistan,60667
487,6e4de20b-0267-4208-8cea-2f583e5a13a9,Jonestown,Nevada,Malta,15309
488,a4f47be9-3e12-43af-ab79-a321246bb895,Nicoleburgh,Michigan,Kiribati,77827
489,d9b9cdad-e10d-4b6d-94a4-eae8e45d7a4e,Wilsonmouth,North Carolina,Algeria,35097
490,f0c85f68-8e8a-45d0-9fac-88a221c88cda,South Janice,Missouri,Peru,52347
491,0836f944-bfcd-42bf-bf6f-3882b6bbfcdf,North Tammy,Pennsylvania,Puerto Rico,21052
492,60a4bf5f-adc6-4066-ace9-81fdb4db5073,East Evan,Massachusetts,Martinique,31789
493,e1b01e1a-0b4a-4765-bd15-306558df4c5d,Port Reneeland,Pennsylvania,Finland,88106
494,69b96efa-42ca-4ac2-8a01-b3011c0a901e,Harperfort,New Mexico,China,85261
495,d71eda56-87d0-4a78-97c4-2ad308d5efbc,North Bryanland,Wisconsin,Hungary,70772
496,8d9e94de-efd3-4e84-872b-f66bba8738b5,Angelamouth,Kansas,Guernsey,35610
497,3eeede9b-b3d1-43eb-88d5-db84b379b690,Wilsonside,California,Malaysia,44508
498,b4acf4c8-a2a4-4cae-bade-857f76917ed7,South Joannbury,Maryland,Chad,11286
499,a2654f08-6977-430e-bea6-8f20e44fd1ab,Lake Jordan,Missouri,Montenegro,64329
500,1ade33dc-a84b-4cab-b031-c386a9018f65,New Susanmouth,Arizona,Isle of Man,23650
501,28653bbe-255b-4e36-8928-c5407ed8f5c3,Leeville,Maryland,Isle of Man,15558
502,8d49d41f-7a43-4965-ac8d-08d51f0e8d3b,North Joshuaborough,Oklahoma,Cuba,63178
503,ce286c55-375f-462c-9300-1f2fad073fc7,Port Roy,South Dakota,Togo,9979
504,871cf90d-a770-40c5-b9d9-fecdedc4eb3b,Brianmouth,Massachusetts,Japan,20976
505,0ce44c63-cec3-4d47-862c-5d8fe8d05f91,Lake Kimberlyside,Washington,Peru,33612
506,8fafef22-61c4-47c7-9a70-e78ca8c4e913,Flynnland,Oklahoma,Cameroon,41512
507,102dd3d7-5371-43ca-a77e-0c9acc55da38,West Miguelhaven,Florida,Nauru,56097
508,486b0458-bed5-466b-be1e-dc18ebd84626,Thompsonfurt,South Carolina,India,97343
509,c0e02529-ca72-41e3-96e0-a4f46aa3f633,East Jeffrey,Washington,Greenland,37909
510,0632e0bf-ca9d-4051-bf79-fe4672b43ac8,New Joshua,Maryland,Bahrain,98942
511,d2c1d918-7cd7-4339-b0ed-dde270d6fac3,Lake Richardland,Oregon,Guyana,52277
512,56b20826-c440-460f-9df7-5e8b11c637b1,Courtneyberg,Iowa,Gibraltar,32844
513,eb34eb2d-b0c2-4299-adb3-138dfd82415e,Williamtown,Tennessee,Botswana,82958
514,8bd906db-bc29-4e17-b5bf-2e7f3648d5ee,Christopherberg,Hawaii,Comoros,24103
515,f08199bb-a863-4650-8974-8aba99bcc2ff,Watsonmouth,Idaho,Wallis and Futuna,71941
516,7fbfd8a6-269b-431c-a9b0-7c7b6868aad8,Theresatown,Kentucky,Guinea-Bissau,60026
517,310f7521-973c-4e3f-b77a-48134b9601fe,North Robert,Arizona,Belgium,47087
518,6374f041-70b9-439b-aa0d-4d675300f8a8,East Carolberg,Tennessee,Guam,70265
519,5b6706a5-c176-4192-b858-17c3eea47d41,Gallagherton,Ohio,Turks and Caicos Islands,59890
520,70abbd81-f493-4953-9c1a-b6c1c592b951,North Susanland,Nevada,Kenya,73553
521,5f05f430-dfad-457b-be20-3ed2daafd8db,Hooverstad,Alabama,Bahrain,95640
522,baf8f7b3-fdf9-436c-87c8-0d8e39e2924a,East Christopher,Hawaii,Fiji,39796
523,182b26c4-e661-4221-94b9-9aefa9dbd6ca,Grantside,Massachusetts,Sweden,72325
524,d8fab519-da9b-4451-b225-fa1220f50db6,Martinezville,Colorado,Saint Lucia,12679
525,98d7027f-793e-4ba7-b5f8-2c9e7522c1d8,Trevorville,Florida,Madagascar,72617
526,0aacf310-f32d-4037-b815-5b72af4e3aa4,Allisonburgh,Wyoming,Georgia,70399
527,5d946cee-e657-4c89-8907-cd2dfd56b8e0,Hollandfurt,Vermont,South Africa,29325
528,a1a9037c-0460-4e55-8c72-4ae12777e8a0,North Brenda,Alaska,Niue,58363
529,716b010c-1472-46a2-93a3-659213c3dd1b,South Renee,Florida,Saudi Arabia,45003
530,031e3a3e-2a13-4f7c-aef5-d24448940019,Nguyenshire,Pennsylvania,Mexico,98736
531,4a710561-1a3f-41c9-b967-691ad744db4b,Lake David,Arizona,Micronesia,44227
532,739d7c1b-2de7-4d8e-889b-00f6dc00b7b2,North Erin,Kansas,Palestinian Territory,23126
533,b05e541c-2ee0-4e79-bf2f-6e29be67ea3f,East Theresaview,Arizona,Samoa,75016
534,706815a8-5bbe-4193-9e70-9401a0f908aa,Johnsonborough,Georgia,Jamaica,41797
535,ea8eaa5b-f3bd-41e3-8d5d-d0f8584e46f4,Brandyside,North Carolina,Congo,76799
536,f9cf7c1c-5f98-43a2-869a-a12a2c330d5c,West Heather,Mississippi,Chad,22584
537,e0f34010-d079-4666-ae41-a7be0acc2f27,Parrishfort,Maine,Saint Martin,98275
538,276aaa7e-6ec5-4658-b3e7-27535149c7bf,East Colinchester,Georgia,Gibraltar,1717
539,630d096c-76d3-4365-8cf8-053e99a96b6b,Onealhaven,Oregon,Bolivia,51488
540,43183638-d6a5-4261-969d-cfd851c05efa,East Darryl,Florida,Kazakhstan,47181
541,2761ea3e-d498-4909-9994-fdbb7804e7f8,Jamestown,Utah,Brunei Darussalam,53729
542,8382411c-4864-4a00-862e-bf1fe95fb154,New Amandamouth,New York,Algeria,85537
543,b7ebea78-3ae4-499a-92d9-4230f6ab2703,Andrewtown,New Mexico,Russian Federation,84689
544,13520fc5-53f7-4479-8122-fcc7f2be9a67,Jefferyville,North Carolina,Madagascar,24624
545,b84f912a-e3b7-495c-9b3d-0b7bccfddea9,Port Richardton,Wisconsin,Cook Islands,29262
546,67ea4cac-8d68-4491-bb4c-a75812bb5927,Dianaside,Hawaii,Hungary,60621
547,8a0cf689-df61-4ad6-b9b8-3429ba01c698,Villaville,Louisiana,Mauritania,23429
548,dc5137ea-6c21-4a25-87fd-bb8d2c42adb5,Port Adamburgh,Idaho,Turkey,45087
549,f6b35b3c-8419-4955-825d-90fdc4926c45,West Emilymouth,Idaho,Tanzania,6618
550,0755d412-2d1d-45a4-882f-7d63e25e263f,Choibury,California,French Guiana,99868
551,315fc95c-189d-4267-8334-07288d1ec5a9,West Jimmyside,Idaho,Moldova,16555
552,66b48d2d-9576-41f8-91ef-583c7da313bf,Williamland,Oregon,United States of America,92574
553,71b4e2ce-2257-40cd-bc59-63f6c9120402,South Aaronside,Washington,Seychelles,18070
554,7ed0b60a-cf01-450a-8ca9-c39b20085ab6,North Leslie,Texas,Philippines,41712
555,955aa9c1-3eed-4d58-b771-e39860a8648c,Port Roger,California,Nicaragua,95179
556,3ff159f1-0041-4b7c-b5be-102cc94c68dd,Andrewchester,Wisconsin,Uganda,83116
557,898008b0-989f-49d3-89be-60d745363b80,Sandraburgh,Florida,Wallis and Futuna,31573
558,e0f60431-18fb-43f5-825c-9f28ea68ee40,Lake Lisaside,South Carolina,United Arab Emirates,62234
559,f0af7faa-2456-4b1a-a921-81d4c4750521,Patriciahaven,Pennsylvania,South Georgia and the South Sandwich Islands,18382
560,b4b965ef-52bc-4255-97c7-0169b9fe44ad,North William,Utah,Malawi,31363
561,4b985267-e85f-4590-a3f4-0755d93bc52d,Grosston,New Mexico,Lesotho,33641
562,c8b0ea43-fb1a-4101-ba2b-42a5f7d3cbe0,Port Andrea,Texas,Faroe Islands,87305
563,12f0dff3-9d59-4a69-9ea4-9fcc51b43920,Amyberg,New Mexico,Bermuda,39592
564,6326d933-3f03-412f-955b-4fc0493f1a70,West Davidmouth,Idaho,Norway,46235
565,a404e457-204a-4971-afdf-eb5f58d6fd2c,Hooverburgh,Florida,Denmark,72381
566,f4569611-5c5b-44e4-826d-24388a78e14c,Andrewton,Mississippi,Kazakhstan,58906
567,44aebf12-2482-4474-9571-9ac8cc36f248,Codyview,New Jersey,Isle of Man,20998
568,67d8448f-e804-4721-9ba8-6edf14899a71,East Robertburgh,Kansas,Saudi Arabia,17503
569,5f16cd46-6758-4dcc-acee-36b50255cb2f,East Lisaburgh,Wisconsin,Georgia,95281
570,2c332a8e-624a-421c-8daf-c019c65f76b5,Lake Melinda,Hawaii,Iraq,84190
571,ef484f40-2de8-42ef-9cbd-8d7bd9736f3c,West Nathan,Connecticut,Nigeria,6632
572,56b7f211-0027-495c-8a33-d9d067428ee4,Port Kaylahaven,Maine,Japan,64054
573,8490ceae-71cf-4d2c-a397-1419e13a57f7,Howardland,South Carolina,Fiji,85775
574,bd83cf23-8b1f-4c7a-8504-1ead09edb6fe,West Nicholasburgh,Delaware,Mozambique,79639
575,1eb766bb-97f9-498d-ab53-884251152ab4,Kevinmouth,Vermont,Cape Verde,14636
576,5d605a33-5b04-434b-b84f-fc81f04d87e4,Knappview,Illinois,Chad,39200
577,efece25b-1b66-449b-9d99-f5bc7452466c,Bowenport,Connecticut,Anguilla,16333
578,cde126cd-d9e9-4270-aca0-9f24c666a08a,Jonathanmouth,Alabama,Greece,90235
579,31ce2e15-5391-4d25-b112-da042cafee42,Michaelside,Wisconsin,Germany,8778
580,b036c9ea-bc92-41a5-bfe0-3dbec2466e7b,Nicoletown,Hawaii,Mauritius,15676
581,189323d7-256f-42ab-8177-587be054026f,Lake Robin,Oregon,Kyrgyz Republic,56189
582,985a070c-80a5-428e-97c0-24b11abf9ab2,East Christopher,Oklahoma,Guadeloupe,57262
583,0b2cf3c9-f7f7-4de7-9c58-121eed8e2c96,Robertland,Maine,Armenia,20344
584,ff2b0d98-16bc-43c7-83d4-8cfc2ff14056,Harrisborough,Minnesota,Zimbabwe,74102
585,0ea531c3-ca65-4458-ae31-121e942f2986,North Davidmouth,Connecticut,Venezuela,35521
586,23a50f93-0b87-45ac-b346-fd8868f3651e,Williamland,Kentucky,Bahamas,18106
587,a3492bde-0a76-4282-b78c-2f585e6d99f1,North Davidshire,West Virginia,Mozambique,58692
588,5e7daf0c-d2d7-41ed-a2de-784626fc0512,East Brent,Kentucky,French Polynesia,32612
589,05485362-6415-4f4a-a50e-3f6d02af65b1,Francesfort,South Dakota,Falkland Islands (Malvinas),29689
590,e3c6d791-9687-474f-b6db-a49c61754d59,Port Michaelstad,Oklahoma,Antarctica (the territory South of 60 deg S),79102
591,0f283dbb-cd9d-418f-b955-dbba4c724b02,Morenoview,Nebraska,Niue,62934
592,01d929f8-252f-4cac-8d5f-6ff1013799ce,New Adamberg,Nebraska,Croatia,47670
593,b952bdd6-2177-40d0-8eb0-7183deabd6e6,Carpenterberg,California,Chad,74558
594,24e9c833-bebe-4cdc-88aa-edc034f3311a,Erinberg,South Dakota,Malta,2925
595,ea0819ae-c2e3-47fb-9f75-900101efbbf2,Sheilastad,Indiana,Zimbabwe,49635
596,62a1ce2a-5660-4a2a-84e7-28a17bbf6a3a,South Shelley,Wyoming,Niue,20005
597,83347b87-738c-4f9b-a834-ff611cf3f49b,Lake Hunterborough,West Virginia,Pitcairn Islands,42816
598,3f2c3aa0-fc07-47a0-adeb-88d70770fa9c,Amberburgh,Montana,Macao,11595
599,443e5ecb-e189-48e5-a66d-9d313e5ba257,East Michaelhaven,Hawaii,Malawi,19870
600,66a1b081-fd2c-4666-9d6d-2675a8c6d8e3,Valenzuelaburgh,Louisiana,Philippines,39947
601,f8a3c803-a6ae-42d0-96b8-05347aa430fe,East Stacey,Delaware,Taiwan,616
602,476aba31-3ea4-4377-b175-2f09cc692ceb,Bruceport,South Carolina,Nauru,73668
603,637fb164-9ff4-4045-924f-dcbc92de1633,North James,Florida,Ukraine,29189
604,2d73c7a0-ba26-43d5-a1cb-77f0f2de20f5,Lake Marisa,Idaho,Nepal,73413
605,39fd656b-79d3-4a9e-9030-541161aff7d7,Alexandriaview,Oregon,Kyrgyz Republic,10342
606,5d578879-954e-4bc9-ac3e-ed960abea88d,Bowersville,Utah,Congo,63342
607,7b3771e2-697e-4019-8e3a-8e11700c4c4c,Alvarezburgh,Massachusetts,Equatorial Guinea,76503
608,ade505a5-1e62-4f1e-b9c9-4bea92e63c71,Fischershire,Virginia,Thailand,8991
609,fb202c25-dd11-401e-b759-3108ba1894db,West Jessicachester,Arkansas,Yemen,51351
610,f43004e1-9d47-40ab-9de3-4d3dc0a1034f,Snyderstad,Idaho,Panama,73841
611,faf7ab4f-b963-4a74-af20-92877ec8f591,Johnnyport,Kentucky,Yemen,15672
612,77152c48-5910-4ad0-a289-7892967d214b,South Ryanmouth,Louisiana,Russian Federation,85713
613,08b8517a-2547-45bb-9def-1f0f828ccc1f,South Paul,Kentucky,Mayotte,58373
614,e31af9a3-3846-4c0b-9b17-ff60df293684,Jessicamouth,Delaware,United States of America,34981
615,c6b51f07-a44b-4934-b714-d32c2dd143ac,Kimberlyville,Texas,Western Sahara,22395
616,cfd69f0b-833a-4573-9db4-c30164e57578,Lake Cassie,Hawaii,Lebanon,846
617,bea27bfb-d1fe-4e6c-9fc5-c75262407266,Connieshire,Oklahoma,Antarctica (the territory South of 60 deg S),77045
618,166ad347-426f-4780-a239-65839bd5b910,North Madisonport,Maryland,Lithuania,87290
619,bda33eb3-147a-424f-81e6-c485e95bd738,Danielville,Connecticut,Korea,41474
620,fe54da9c-79ba-4507-8df1-b7ac046f43bd,Lake Stephaniehaven,Louisiana,Ecuador,21852
621,198fa04b-124f-43d1-87e8-27aa34607880,Hendricksberg,Missouri,Trinidad and Tobago,7497
622,7e4757cc-9d3b-4304-b16a-c523cb620c92,Suehaven,Georgia,China,96059
623,f2aee477-3c9e-4af3-aec1-84b7c2378811,Lake Christinafort,Louisiana,Saint Kitts and Nevis,4139
624,c6a72a53-c87a-45a1-9b0e-03cfac74eebd,West Michael,Texas,British Indian Ocean Territory (Chagos Archipelago),39732
625,d379610c-8fc9-4b92-b116-11df09f7d7e8,Gonzalezland,North Dakota,Marshall Islands,58560
626,7d055b96-874c-4697-9865-7bc27d6256c9,Davidshire,New York,Norfolk Island,80269
627,409cbf12-5bb4-4e97-a057-aeeafcb7faa8,Tiffanyhaven,Indiana,Guyana,96894
628,50916db1-4f72-4da4-b992-928f71f8e13c,Suttonside,Texas,Liechtenstein,63050
629,12d46983-542b-462a-a263-e0ddb6168c24,Samanthaside,Indiana,Mauritania,72497
630,e1d21917-1ddd-4007-9f78-14ffc4cbdf5c,Brendaville,Kentucky,Benin,1290
631,034758fc-b0dc-484a-b6ae-da612e6e1f16,West Maureenstad,Tennessee,Croatia,79013
632,2d335206-3caa-4088-a8ef-e91ca19eb5fd,Coxport,New Jersey,Libyan Arab Jamahiriya,63321
633,aa5c0f14-d13c-4cab-85fe-e97736990a13,Tranborough,North Carolina,Albania,79594
634,2b3e898b-e627-438f-bc6c-8b0b78e588c0,Anthonymouth,California,Swaziland,78959
635,91de974a-5aec-4c95-a647-093b7e3961a3,Georgeville,Indiana,Belgium,85296
636,c1b3fbda-8ca6-457b-b7f1-b25feb44c2ee,Robertmouth,Washington,Switzerland,66124
637,be5f7f00-2c43-44b0-80ff-915560af1122,Edgarland,Arkansas,Slovenia,78965
638,f63f0a04-dbd6-4ab9-9758-80695437d012,Collinsborough,Georgia,Kiribati,29943
639,75d4ca28-4854-4314-b9d3-8edd9192723a,West Courtneymouth,Illinois,Benin,60470
640,a6403cbf-5dea-420a-9576-8d43b75a8b11,Spencerberg,North Carolina,Malaysia,78181
641,23b65c39-543f-44ca-bfe2-b5595e205d88,North Ryan,Delaware,Slovakia (Slovak Republic),39565
642,8d22262c-49c3-40d7-b22b-c7133882dcac,Lake Juliechester,Iowa,Netherlands,23104
643,348e8a47-b467-440a-a6ca-dd83bd901dc9,Lake Peter,Kansas,Christmas Island,71855
644,790b6d0e-1851-4c45-a4ff-b803ce1821db,Sydneyside,Alaska,Azerbaijan,71593
645,29fd1c46-a023-400a-aca2-8c1c23a9b275,West Gailport,New Mexico,Kiribati,11714
646,78fe5d9e-240f-47ee-aede-32029b56cfae,Codybury,Colorado,Brazil,4466
647,2ceaace6-0011-426d-83c8-6f6d33138852,Port Michaelchester,Idaho,Panama,59234
648,9c035d54-680c-4ac2-9477-79c03fb0736c,Karastad,Idaho,Jersey,39936
649,ea0c17f0-826f-43d8-8539-f731d64ab21d,North Katrina,New Jersey,Monaco,20417
650,729fa296-5078-4078-8920-53038d7c6381,North Jorgebury,North Dakota,Tanzania,16817
651,fbeaa1a4-68b8-4f68-ae48-893ede309f3b,Bethanyburgh,Illinois,Tanzania,91167
652,3bffe4ae-6639-499c-ab59-9105582f3fc1,North Scott,Alaska,Luxembourg,23345
653,3750a231-fae8-44ab-8cd5-20240b495f5c,Port Saraland,West Virginia,Hungary,60484
654,e9f59be8-b92a-48a8-a774-26e30680745c,Port Angela,Virginia,Moldova,35423
655,cd59a430-4837-4587-8808-d01f96c0e061,North Steventon,Louisiana,Canada,39695
656,6b8a76d5-8ac3-4eaa-8f76-556550a52f60,Jasonview,Louisiana,Peru,63813
657,f60e89f7-622a-40ba-8fbd-d4e9daa22246,Sarafort,Wyoming,France,17793
658,44337253-2b62-4198-aaac-442f4f83117f,West Shannon,Pennsylvania,Angola,65153
659,451df6df-276a-482b-92a0-9ae9c746c0aa,Melaniemouth,Texas,Equatorial Guinea,37906
660,8a4ae21a-28c0-4b4a-80a6-8b06f1245c38,Darrellmouth,Tennessee,Bahamas,64328
661,d1be9a0a-0e9b-4b45-9256-d6506fe2e4b3,Gailstad,Vermont,Djibouti,87016
662,4f84b4e0-ec71-4389-a21e-a0d012caa4be,New Philipborough,New Mexico,Korea,4085
663,d8683b7d-5317-41d1-88ea-f864972a0b76,Richardchester,Idaho,Greenland,8602
664,316b446e-31a3-40dd-a1b0-b5c3e7c0d51c,Parkerside,Ohio,Eritrea,25353
665,bc122f82-2924-4206-8749-764f9c3d6ba3,Smithmouth,Connecticut,Kazakhstan,44192
666,6b9723e7-aa1f-4b52-904f-8bfacfa9fe30,Port Robertfort,Oregon,French Southern Territories,35000
667,cff34ecb-e5a4-4484-a6aa-34214796e00d,New Vincentland,Iowa,Myanmar,42761
668,502cff02-8956-4e25-8157-de598188b1f9,New Catherine,Kentucky,Saint Barthelemy,64405
669,7ef39e3a-6643-4f48-8750-616a7215c182,Angelafurt,Missouri,Nigeria,42734
670,dc4b5ca8-3df1-454b-a10e-22d6aaeaf680,Lake Aaron,Georgia,Benin,75909
671,69fa9195-4540-424f-84ff-ce399698ee1c,Lake Elizabeth,Nebraska,Togo,2462
672,b16fdd35-18c4-4363-a2ad-ec407830e77e,Lake Derrick,Iowa,Azerbaijan,20087
673,f9d72352-8b5f-424e-9b0d-3f3da947479d,Ritterville,Utah,Iceland,74183
674,de03c87b-c0de-4bbc-99c8-b34408764e65,New Lisaborough,Arkansas,Saint Barthelemy,619
675,c30c7cfa-6f73-439c-9ba4-b35a93a4778f,Monicaland,Nebraska,Moldova,56345
676,83db8855-e86a-4fcb-b33b-149902d03a83,Elizabethborough,Massachusetts,Guyana,81147
677,ca350f21-4f30-4438-a5d4-07305f95f42e,North Russell,Mississippi,Turks and Caicos Islands,81503
678,614bb4fb-45cb-44e7-9290-09687a8b5ca1,Nicholasfort,Rhode Island,Honduras,95764
679,c95f0045-2438-4a5e-bead-1004e15a131d,West Daleview,Connecticut,Guadeloupe,99798
680,14d0926b-1640-4780-89d3-5a6ad0b115bc,South Michellestad,Louisiana,Botswana,53183
681,4e845e6e-ddf3-4aa1-ac4e-7f6221bd677e,Sydneyton,Wisconsin,Tajikistan,60110
682,c1c066a5-6322-42ce-acee-3b064e6a5777,South Danielberg,Delaware,Kenya,3962
683,43ab3298-9551-421a-9492-c6744358be28,Port Vincentville,Maryland,Brunei Darussalam,70621
684,f1796c62-28d5-4cd7-8f93-623b19d79a3d,Christopherchester,Iowa,Tanzania,76791
685,356df3ba-aec3-4644-97eb-e57ee987330d,West Alexandra,Nevada,Lesotho,75592
686,4cb46fb4-21a0-4449-9ee8-385a5bcaa56a,South Jasonmouth,Hawaii,Bahamas,52827
687,17c9bbc4-cb49-46fc-b5f8-d86483884bc7,Ericksonberg,Alabama,Tanzania,34869
688,78c2cb9e-ce3f-4e59-b840-9a036ee9b05d,Brownberg,Kentucky,Liechtenstein,20536
689,1888346a-b093-4fa0-87af-53f0b7e93b54,North Isabellamouth,Wyoming,Fiji,91272
690,e3ac8ca4-c0d8-4b92-a74b-f5972c8221dc,New Jenniferview,Georgia,Northern Mariana Islands,72758
691,a291b56e-a1c0-44fa-954b-beabcda26fda,Harpershire,Alaska,Wallis and Futuna,41831
692,00f2dd89-69e0-45a1-8878-03e4f4064904,Lake Dawnshire,North Carolina,Norfolk Island,46093
693,1e62628e-2af0-49ba-a9a3-6468f41ceafd,Lake Ryan,West Virginia,Philippines,23486
694,bc7970bb-e8b5-4448-a8e7-8dad529e9200,Moraburgh,Massachusetts,Honduras,54558
695,34fcc882-6444-487d-8e23-a314d169e317,North Stephanie,Oklahoma,Montenegro,72168
696,b08e67b1-d73d-4d78-b263-91181e58133e,Lake James,Rhode Island,Saint Barthelemy,36736
697,23546621-46dd-431f-b70e-bf43a37b487b,East Bobby,Vermont,Christmas Island,35132
698,f49f8f26-d9eb-4276-ae2d-1973691bbb4e,Lake Amyshire,Delaware,Sao Tome and Principe,29629
699,8cbb2974-2d96-4d56-ba66-68a385cc9377,Lake Shannonbury,Alabama,Tanzania,43835
700,84922c0f-dcf5-40a4-b8f7-3fa018ea84bf,East Shanehaven,Kentucky,Bolivia,95718
701,f883469e-e6c8-4a09-839e-1edeb504bddc,West Marc,Mississippi,Yemen,1052
702,482df78d-3482-436b-9bc4-7ff9954a6411,Vaughanmouth,Alabama,Dominica,93439
703,f9ef9fa9-af3e-44a6-9135-1f5bd9860b4a,Burnsmouth,South Dakota,Israel,96701
704,c7019a6f-adce-4f6e-8a1a-5dd6150ab20f,Lake Ryanmouth,Delaware,Suriname,50218
705,73b5e3f1-2011-42c0-b1a9-03618bafd44d,West Jacob,Delaware,Gambia,3334
706,603d369c-682a-4adf-a576-052d94e16f7b,Lake Maria,North Carolina,Iceland,35646
707,0256bc3c-721d-4012-aa49-0ad895c4ae66,Deborahshire,Virginia,Liechtenstein,74880
708,94c3b67e-4261-41fb-9598-d4177d91b9ae,Campbellmouth,Connecticut,Germany,27785
709,989530d2-8352-4517-aee8-c289fe1670cd,Freemanport,Idaho,Benin,9738
710,b04643e6-3db4-45fd-a1cb-b7a47b620922,East Laura,North Carolina,Egypt,98961
711,8ee7a186-7e5f-4376-abb9-8f53dcebbc7d,Port Derek,Iowa,Namibia,64734
712,f31842d3-8825-426d-b8b1-e20f21b80aa4,Heatherview,Minnesota,Pitcairn Islands,94910
713,3a1539a0-92ba-468d-b818-fa10d40af404,North Amyfort,Ohio,Bosnia and Herzegovina,85782
714,7cad2bf5-b2b4-44ea-b6af-c02196dd3b88,East Ryanville,Kansas,Montserrat,5788
715,1facf385-0bf2-44ff-a14c-065acf5ef200,West John,Georgia,Montserrat,81874
716,8de39d0d-54cf-43dd-9a63-f4cfb4e8b38e,Rossport,Connecticut,Gabon,77361
717,966ca705-49cc-49d9-a59b-eb82f4b560ca,Phillipsport,New York,China,64679
718,dfa943c2-4895-4c5a-9209-cb405a806972,Brewerberg,Wisconsin,Togo,25782
719,0a04fe99-4868-412c-9744-2c3bca7fa546,Nataliechester,North Dakota,Bouvet Island (Bouvetoya),79793
720,bec1b893-1062-4d93-908d-577bfcd2c243,Lake Brandonland,South Dakota,Belarus,92021
721,514a3375-830c-4a8b-b5cd-048d4b7cb71b,Mccoyfort,Ohio,Fiji,90828
722,455deac6-b77d-4557-92c3-56fc110f295c,Rebeccaland,Delaware,Saint Lucia,51288
723,097568f2-1b93-4841-b909-028ce07ea6c5,Lake Sarah,Louisiana,Thailand,9145
724,e79f3161-40d9-49cd-8da2-885f23832386,Mitchellmouth,Missouri,Faroe Islands,12567
725,7e227d88-e623-4e8d-9761-a631e9f0a2b2,Waltersmouth,Virginia,Qatar,47569
726,acf65f28-560f-4030-a997-871b6956bc39,New Pamela,Nebraska,Jersey,86712
727,ae0beedd-0847-4a0d-845e-f43aabd6a5f3,Bensonchester,Rhode Island,Liberia,47457
728,69abb998-41bd-47b1-a014-27f20d64baab,Adriennefort,South Carolina,Brazil,44329
729,ab75fb30-3bc8-4303-a643-b09f3cb26309,Anthonyton,Vermont,Saudi Arabia,19573
730,7242fd9e-5f43-4ed2-99fe-fc1953b8edd6,Lake Kevinstad,Colorado,Swaziland,45743
731,c83505a5-dd1b-4666-8f55-f9cf2d864063,East Justinborough,South Dakota,Guatemala,58375
732,a25ace40-cdca-4e00-a0db-c42856418f73,West Kerry,Georgia,Saint Pierre and Miquelon,78384
733,16bbd6a9-69c9-45d1-af10-26816604fd1f,Mooremouth,Arkansas,Norfolk Island,17496
734,a6750e3a-0e87-4d92-bf46-8f11b195893f,Williamsside,Pennsylvania,Saint Helena,16309
735,06c0005d-dcbc-4a6c-a870-6f23b30f0a97,Christopherville,Virginia,Kuwait,25869
736,7b3501da-7501-4212-b422-ef655af2543e,West Timothystad,Colorado,Spain,92013
737,ad0931ad-c03d-4cf5-a187-0f7f77a72f3d,Maldonadotown,Vermont,Sao Tome and Principe,4211
738,45e167dd-784b-47a9-956e-c7e077fa5156,Lake Thomasstad,Iowa,Mauritius,63100
739,0fac9390-07ec-448b-9623-444f752424ef,South Jenniferport,New Hampshire,Pitcairn Islands,71329
740,2093b188-cf51-418b-893c-f12030572598,Port Garyburgh,New Mexico,Turks and Caicos Islands,37103
741,fbf0c4e3-b837-4d8e-a1fe-5d033fcde54f,Reesechester,Oregon,Saudi Arabia,51910
742,8ca71184-eb5e-416f-9f35-ef651cb746bd,East Elizabeth,Nevada,Indonesia,44337
743,7427ac6e-7fb1-436e-a9a9-c9539babe89e,Richardsonhaven,Kansas,Saint Helena,74498
744,b5fea6da-ad45-443a-a026-62bec2018d4d,Heatherburgh,Nevada,Bosnia and Herzegovina,32481
745,89590869-417e-471d-8d3a-ebe9ac79cee4,Brittanyport,Rhode Island,French Guiana,39611
746,41ed4a3c-5802-4439-865d-54fc40a5fd7d,South Maryshire,Vermont,Pitcairn Islands,93102
747,c324f288-1ce9-42e2-b898-34937d9ba92c,Parkerburgh,Oklahoma,Kenya,68844
748,042eaf13-1e63-4dfc-9a96-b8b92763cd9e,East John,Alaska,Bouvet Island (Bouvetoya),11855
749,ece15aed-68b8-471f-8b2f-cd87a8702f08,Chadmouth,Nebraska,Albania,93602
750,8b144452-a90e-4205-8584-40c63ea30885,Jordanport,Illinois,Tunisia,4741
751,9cfb371c-03d0-44ff-bbc8-b0ce08b32dc9,Lake Gabrielfurt,Tennessee,Christmas Island,43289
752,04c4d6c1-cd5b-4365-84e2-e4fd32041fc7,Carterport,Arizona,Nauru,83261
753,385432ee-673f-40d0-9654-3629741248a7,Patriciaport,Washington,Saint Kitts and Nevis,37116
754,1397ecfd-cd02-4219-a9a5-cdbbabc129ee,Samuelhaven,Illinois,Bosnia and Herzegovina,85990
755,4e5d5978-9839-4bce-8447-0ec7ca0dc47f,North Gregory,Iowa,Reunion,84386
756,250ff6fe-4d32-47de-8e92-179764458353,East Dustin,Colorado,Azerbaijan,18644
757,49619de7-1170-46c7-a82e-48013b08a6b7,West Cynthia,Connecticut,Cocos (Keeling) Islands,3032
758,671fb6a1-d865-41ec-b79c-6c6201494c78,South Derek,Rhode Island,Fiji,17995
759,05fb6221-1cfc-4767-b74c-550d4791c5b3,Lake Nicoleberg,New Mexico,Argentina,75080
760,18e7e633-dab5-457e-82ea-0c443ca2f6ec,Lake Alexis,Idaho,Guinea-Bissau,13755
761,a6ef00cf-10b8-4fbb-88dd-b439ef9f87ff,Lake Sarah,Rhode Island,Qatar,37121
762,369e661f-b81d-4fef-88ac-f17699d31f68,New John,Kentucky,Saint Kitts and Nevis,35807
763,bdbddfdf-de6f-4e73-8306-5f344901990a,Fisherbury,Minnesota,Northern Mariana Islands,2051
764,532a6cd4-661b-4a0f-8d7f-78f5100364f0,North Phillipfurt,Kentucky,Central African Republic,79105
765,9e54437f-bf3e-4890-b995-287e3b8eeb90,Maryfort,Virginia,United Kingdom,16365
766,cb9369a6-a340-422a-be64-08a9468a91a6,Port Jason,Vermont,Zimbabwe,82797
767,d3d727cc-59d7-4e81-8e6b-e4c59076a617,Jacksontown,Michigan,Belize,45929
768,31987a46-7b6c-4845-8cae-2fe6524101bf,West Richard,New Mexico,New Zealand,50885
769,8854420e-bf4c-4f70-913c-01aa8fc302fb,West Kyleville,South Dakota,French Guiana,77098
770,6dd04b1d-0a4f-4afe-8218-a56ef1d53503,South Amanda,New Jersey,Ethiopia,56179
771,01e4c808-4d53-4e11-af1c-7e05eae61a3a,Port Joshua,Kansas,Armenia,55014
772,bafcdb53-0257-4e4f-818f-4db36190b999,North Tamaraberg,Mississippi,Lao People's Democratic Republic,76321
773,c8ce09ec-c001-47c4-90ec-2d65c5620f33,Millershire,Iowa,Albania,83015
774,44ebfd82-f914-4ed0-8ba5-96d8ba1b8caa,Millerside,Arizona,Botswana,46832
775,3a2acfd9-0821-4a86-8d43-ef85b89c13aa,Camposchester,Maryland,Brunei Darussalam,14118
776,405c3ada-7a71-4cb1-bfd3-40a4cecb51c9,West Jessicahaven,Nebraska,Togo,92685
777,edf48c16-f5c9-4275-be70-ef9aa1951a7b,Cherylhaven,New Jersey,Palau,86938
778,9fc10b7d-8cfc-4ebd-8b5f-d3d16e1f6614,East Dawn,Vermont,Panama,61123
779,fa70b9a7-7cf4-426f-8ae5-b4e6e852bbd4,New Tanya,North Carolina,Haiti,32863
780,ec6bae13-0cf6-4da2-b96a-a1605820ac60,Leblancport,Oklahoma,Denmark,88114
781,130ee1cd-d752-4f0e-af82-ef8d2aba1f5f,Pricetown,Washington,Antarctica (the territory South of 60 deg S),3412
782,5e7a183c-ddeb-49ea-a7cd-864d5b98b2ed,Peterbury,Oregon,Libyan Arab Jamahiriya,36854
783,c03661da-ebca-4ed3-b8f8-5e0fdc06ce60,Lake Steven,Oklahoma,Fiji,37874
784,7e240d64-b509-46fc-b725-07bf86a1ddb2,Wyattmouth,Massachusetts,Guam,31593
785,a5dea65a-36a7-4674-9100-30ce66bee201,Melanieland,South Dakota,Cayman Islands,50440
786,5ea15db6-dd18-4727-8626-c84f8ff45b17,Robinsonside,Rhode Island,Lebanon,70095
787,a273c54f-ff5f-4d27-88b5-3e2c05dc2d7c,Ryanfort,Utah,Bahamas,97643
788,a6dbf68b-715b-4d1c-8984-e77ffef04e83,North Tara,New York,Samoa,77038
789,cde1be38-ce61-4b24-82b7-f752822a4305,Port James,New Jersey,Jordan,12395
790,51507070-fe7d-431d-8a61-a1490625dcbf,Port Graceside,Indiana,Togo,85431
791,f4d9c1f1-a5fa-417c-baf0-79cb02618713,New Shannonstad,Washington,Honduras,10065
792,54f1866c-755a-4c97-b34d-a38b4eb76d54,Jenniferville,Rhode Island,Nicaragua,8795
793,6c8721bc-4379-47de-8fa6-fd80209f927d,West Mariaside,Nevada,Bahamas,66393
794,5dfaf067-827e-494c-b657-58a918080cdf,Lake Jonborough,North Carolina,Yemen,74133
795,e61b6eb4-1c4a-4d1b-a2be-08ad3607409d,New Bonnieburgh,Michigan,Moldova,17921
796,624d09a4-38cf-4d25-a0f2-e966672cd00b,South Brendaberg,Idaho,Bahamas,96149
797,cda23421-a524-49a0-aa80-1a8c4ee5f95f,North Cynthia,Pennsylvania,French Guiana,67329
798,bbc16d23-2072-41cb-aab3-7301a2df01f1,Lake Andrew,Utah,French Guiana,74451
799,749966e6-32c5-4c33-927b-4c6d38f41faa,New Hannah,Nebraska,Lesotho,82696
800,e28548a4-286f-4db6-86ac-ce8ae469b940,East Williefurt,Pennsylvania,Rwanda,65625
801,fc3e64ac-1ee2-490e-8150-553e0be1ccb5,Brownview,Washington,Czech Republic,47539
802,20546d80-c7d8-44c1-a4d9-4df0c1ae5f2d,Katherineberg,Delaware,Bermuda,40048
803,f6975531-7de0-4ef0-9b19-089262aded03,Tylerberg,New Jersey,Samoa,35363
804,63237015-6e3f-4527-824d-3c496c1f31f0,New Shari,Iowa,Syrian Arab Republic,27430
805,ca88a59d-147b-4f5b-bcb5-e7b6fbd4b070,Victoriaview,Maine,Burkina Faso,14622
806,82eae773-93a8-4207-a525-70ae20a0216c,East Eric,North Carolina,Antigua and Barbuda,25847
807,878f95d0-3243-4083-a8e8-765fe9e61dd5,Humphreystad,Alabama,Mauritania,40707
808,ea8a3fff-b370-4e32-a617-3b77c7ae9a1a,Pattonfurt,Wyoming,British Virgin Islands,55014
809,f345a4ae-7252-4c0d-a239-f949496e46f3,West Josephfurt,Virginia,Pakistan,30635
810,4c288044-cabc-4983-a1e4-1b0ed105c8c9,Webbfort,Arkansas,Samoa,93691
811,f82f43c0-8cf0-4d63-848d-9c5128a04dcd,Nathanielshire,Delaware,Austria,14223
812,a47542a7-2f0d-43a1-838f-f9e0bdde0203,Tiffanychester,New Hampshire,Saint Kitts and Nevis,42075
813,b8611ba1-2fa4-49c5-9016-471a58d66764,Matthewsview,Nevada,Ecuador,17594
814,78b52589-a065-4b16-821b-464a57851828,Nicholstown,Indiana,Sudan,62102
815,4b85a314-307a-488d-9f69-ec94ce2955c3,Lisachester,Alabama,Russian Federation,39209
816,3aa16502-6455-4a7c-911f-fe14e466dc8a,Josephland,Mississippi,Argentina,22821
817,73e815b1-bbeb-4fe0-90ea-a214cca3ef10,Wilsonview,Louisiana,Swaziland,83122
818,8355ad90-c6b0-4e01-a8b6-9fa6ca20c2ec,Allentown,Kansas,Netherlands,29005
819,f17fa1e2-2a9a-4247-b546-9e24b5fb5db4,Melissastad,Oregon,Saint Kitts and Nevis,56702
820,5ce3e906-53fc-4912-9ba3-8d2deb9ca9a1,Amberchester,New Hampshire,Wallis and Futuna,79322
821,f7cf0550-81fb-4b1d-ab72-37f712d35c25,West Dillon,Rhode Island,Barbados,70053
822,88b54baa-b16d-4fa1-8263-98b19c95ef4b,West Sarahmouth,West Virginia,Gibraltar,71178
823,9d72e1e9-5423-4233-902d-81cc0763fdcf,Port Michael,Ohio,Seychelles,40063
824,90bf5956-d12c-47f5-a71d-bd7023a8cf0d,Lake Mauriceville,North Dakota,Holy See (Vatican City State),44220
825,cbc1d8a9-0d31-4d6b-aa2b-f23d5045d53b,South Donaldmouth,West Virginia,Belize,28363
826,40e7a99e-fc61-403e-8ec1-2bf51b910845,Maychester,Oklahoma,Ghana,54760
827,df03573c-8d52-4ca6-acd0-e7ba9fedf83c,South Troy,Louisiana,Guyana,72552
828,cd4f15aa-f8d8-43c5-a819-2051e359f690,Jessicamouth,Nevada,Jersey,15261
829,2c089889-3f48-49d9-9b22-61981b9e9517,Pittmanstad,Washington,San Marino,85041
830,142feafa-9deb-4e20-85cf-951589eeaa01,North Dalton,Massachusetts,Japan,73650
831,732ba503-95ce-4835-8035-79a9f849f92d,Lake Melissa,Kansas,Senegal,60272
832,3ea9fcc1-8482-4ad5-8d6c-11c9c383cb46,Colemantown,Hawaii,Western Sahara,32749
833,5f93afe6-cb66-4ecd-929c-2a5ce73c1d33,North David,Michigan,Nigeria,85047
834,68ba17bc-45df-43a2-b9e6-3f896006bd61,West Carlos,Tennessee,Heard Island and McDonald Islands,31131
835,eda8afbd-fc0c-4c0d-9cd4-9541d7f524c5,Robertton,Pennsylvania,Liechtenstein,94255
836,47613af5-9c0a-4b13-a2be-12d8f8aa1d6b,Williamsfort,Florida,Israel,34100
837,e0de4bbb-ac89-4d63-bb1e-f568ea091565,Mooreside,South Carolina,Vanuatu,38846
838,2cf34dd7-f293-43df-9449-cb1808aa343f,North Marcusborough,Vermont,United States Minor Outlying Islands,15810
839,594ca763-2b1b-4a77-a018-48b2e97f0fc1,Port Jacobborough,Arkansas,Thailand,72191
840,11a52f40-fa3f-491b-a06f-b96372740c05,West Zachary,Oregon,Canada,92041
841,125761c7-3d11-477b-97b6-f1cebf269334,Port Adrian,Illinois,Guadeloupe,54413
842,3ccb494b-85f3-4f73-a276-598cbb8f88d0,Joshuahaven,Maine,Iraq,2509
843,0326a2aa-df0a-4148-9798-82208149173f,Coleview,North Dakota,Sudan,1533
844,519742f9-9f1b-4b9d-8144-e190a6bc10a8,Richardport,Tennessee,France,30781
845,d0f39550-2d01-43ba-a8e0-23d052b4e85b,West Deborahmouth,Nevada,Ecuador,56317
846,a0fb194a-c9a5-45ef-ba28-6c0ec941d284,Lake Derrickbury,Minnesota,Martinique,789
847,1de99d72-32e3-40cb-b804-8f032a231de8,Port Helenfurt,Utah,Congo,29032
848,e4df1b30-3589-4ef4-8766-e823cb2e64b3,New Lori,Pennsylvania,Poland,11963
849,881c8d1a-fc17-4a56-9a99-76ea63e9610d,Port Andrew,Wisconsin,Portugal,3944
850,96cbc346-ba2c-4cd9-be08-0a4450925409,North Amandaborough,Kentucky,Saint Lucia,85628
851,3a246ed5-0143-4428-bbe2-c966dbf09224,Port Kennethport,Oklahoma,Gibraltar,8030
852,1e513344-3a49-42fa-9581-eadf9c84f4f2,Lake Richard,Wisconsin,Tonga,28598
853,5186db04-e52b-443e-9d27-ee850ee6214b,Colleenmouth,Nevada,Cuba,6646
854,e5d6fb6b-6568-4158-b252-85b3c7b2216e,Suefurt,Montana,Panama,94837
855,f6f5103d-6bf9-40bf-a043-f6f9bf7b0024,North Robinside,Hawaii,San Marino,958
856,ec4d59d7-5800-4798-bd72-a38880e0425f,Dorseyberg,North Dakota,Iraq,82028
857,3607831d-6d2e-4ad2-af74-171b32d00ff2,Schultzmouth,Wyoming,Canada,47897
858,89ffc846-5cfe-40f5-9e15-3b7dca6a36db,Hughestown,Maine,Netherlands Antilles,14178
859,f9ddb32a-bcb8-4b00-a9f5-0cfc1dad5d99,South Jared,Massachusetts,Bouvet Island (Bouvetoya),11123
860,b08e6cd5-233c-4e2c-8950-372af254be3c,Gilbertside,Nevada,Brazil,23922
861,24e63b92-28ba-45bf-bfd4-249c0945b493,Sanchezstad,Alabama,Western Sahara,40589
862,2da61bfb-d8fd-4250-9351-ee768dafb3c7,Grossstad,Rhode Island,New Zealand,85617
863,24c6b4fa-7c02-4a39-8f10-71b781269ea3,Victoriaberg,Maine,Niue,84476
864,5de7ccc1-72b0-4005-b677-f1f6f6995ad6,Jeffreyport,Virginia,Colombia,26944
865,ba1ac42c-b837-49f5-aaee-0d742cf36ef8,East Carla,South Carolina,Gabon,59204
866,25f340f0-3b16-4f3b-9df3-12210b2011a2,Lake Patrick,Utah,Grenada,90699
867,19b00fdf-7e45-4135-a8e5-ff5164c60a41,South Monicamouth,North Dakota,Myanmar,49249
868,9cb345b4-ee28-43ce-807b-10392ef67ad1,Carriefort,Tennessee,British Indian Ocean Territory (Chagos Archipelago),71186
869,1ab2ded4-e3d1-4d41-929e-0d0722c5fc52,Rebeccaville,Kentucky,Djibouti,57484
870,b4fcd762-b97c-46c3-b591-018bcabf1156,North Jason,Kansas,Christmas Island,17609
871,d243b9f9-0ffb-425f-947d-c521ee9d4a0e,Thorntonshire,Texas,Cambodia,90477
872,158f1bb5-6c02-4df7-a12e-162df729862d,South Kimberlybury,Missouri,Bahamas,46669
873,18bc4228-d1ea-4451-bea0-5cb2d33fc4e4,Vargasville,Colorado,Benin,9616
874,3499923e-710c-415b-ba74-e46e26797da6,Johnsonside,Idaho,Philippines,60535
875,09c8d2cc-dafb-4e2b-9415-110e2cd0c076,Port Hannahfort,North Carolina,Mauritius,89416
876,3d9b59c5-0270-4d35-9e81-13c6a9b74cf0,New Peterville,Connecticut,Maldives,22062
877,8543f457-8420-497e-8d2c-e6b00f54e0fd,New Sheilahaven,Delaware,Morocco,93474
878,a5c8d8a6-c066-44e0-93e9-491e419fd0cc,North John,New Hampshire,Reunion,65722
879,01a7cdd4-540b-4f6d-996e-327d191ebf6b,Walkerbury,Louisiana,Bouvet Island (Bouvetoya),56972
880,d39bf854-1373-4dd0-8c1d-20c7d71cb7c5,Hunterchester,Alabama,France,65844
881,9feab91b-e108-4a7a-9544-14551517487a,Amberhaven,Oklahoma,Guyana,46624
882,52899882-133c-4fed-9b2b-928927b44d49,North Waynehaven,Virginia,Benin,72163
883,19c3af94-ed9b-48c8-8467-c53fa37302fe,Granttown,Washington,Gibraltar,44743
884,1d532b64-52b2-47cc-b075-b3e31a1ac1d6,Watsonville,New York,Bouvet Island (Bouvetoya),94893
885,ea3b06d5-63fe-4b35-910b-d2c9b01bcf49,Patriciaview,Maryland,Ecuador,14639
886,182123fb-d78a-439d-89f2-5738d0734a55,East Denniston,New Jersey,Malta,91766
887,2ae75173-f9d4-4480-8b34-b4218c0b7bb9,East Justinmouth,Kentucky,Cambodia,46542
888,e69f1750-9c17-41ce-ae84-233545dbd1ca,Juliefurt,Alaska,Israel,4470
889,9d147e27-1d2e-49e5-9fe6-449c46e7229c,Goldenmouth,Texas,Cook Islands,13352
890,a4f9d5b6-3f21-49c9-8fb0-00843aec6c2c,Stephanieside,Washington,Cayman Islands,78113
891,033e5b61-cc2b-4c4f-babd-d91d77a3402b,Mackport,Indiana,Trinidad and Tobago,48560
892,eb102650-450a-4535-9025-e3d4152d774f,Nortonbury,California,Bulgaria,52104
893,23ed4faf-5072-4d0b-9c35-ff0133aa6782,Michaelview,Missouri,Pakistan,73897
894,da895de6-1105-4855-9fb8-a52b3e49792c,South Douglas,Hawaii,Bermuda,75332
895,7f8a9f5f-b91b-4d27-8b99-2881e798f880,North Patriciaside,Florida,Central African Republic,36808
896,ceb1e78b-dfe2-491a-b97b-78b8f1e7fe80,Gregoryfurt,Maine,Belarus,6909
897,f7b299cf-9996-496c-a13a-11b018f9989c,Lake Ann,Oklahoma,Japan,12751
898,48666f97-634a-4be4-a54f-e55cdc12283c,Jacobchester,Oregon,Nigeria,43637
899,88903377-6747-40a0-99cd-accb5c359c3f,Arnoldfurt,Florida,Burkina Faso,67615
900,b04da092-0772-4e7d-b2af-530cdff27888,East Paulaland,Idaho,French Guiana,56019
901,eee5b8d7-b58e-4a9a-80e9-1d70c0640dc9,Turnerberg,South Dakota,Gambia,7570
902,475a685a-952b-4fd3-9365-4d124a9f7666,North Shawnhaven,North Carolina,Turks and Caicos Islands,74266
903,cafd4647-7de0-494c-b5f8-8fa8a158e021,South Julie,Wisconsin,Cape Verde,57230
904,2aee7040-0c46-4b6d-840f-18c9958d8ea3,Port Brendahaven,Alaska,Singapore,68410
905,ccfaff48-2955-4d39-bd23-cb18c96031ca,East Robertstad,Washington,Latvia,14033
906,ee97c37a-f5de-4348-97ca-0c57fa2edb93,Riggsland,Nebraska,Micronesia,24865
907,14ec0042-e7a9-45df-9665-345e8e71a81f,Lake Nathanielchester,Washington,Cook Islands,10621
908,f10621fd-422b-4bec-8d1f-abcce616bb55,Stevenland,Connecticut,Paraguay,62656
909,602f4f39-b4b7-4eb3-be5a-d23eaead1ada,West Christine,Kentucky,South Georgia and the South Sandwich Islands,77215
910,13a2ff1e-6d16-40fb-864f-b140fda4e73d,North Brandon,New York,Greenland,3831
911,bc264f7e-5679-49d5-bc49-fe75ff8459f5,Lake Timothyton,Pennsylvania,Italy,61031
912,278d810e-17e7-465b-b80c-f0bc23d80309,Port Jeromeshire,Florida,Malaysia,28171
913,84f41885-229c-49ca-a340-a70346317d57,Dianafurt,Rhode Island,Venezuela,15111
914,1fd4673f-ba41-4fe1-80fd-4832a5b002f7,Lake Ryan,Ohio,Poland,66988
915,c7180d33-aaa4-4770-96f6-43edb8c52887,Clarkshire,Vermont,Andorra,73290
916,58a8ad1a-b7a8-4105-8958-f449d9973bb0,Amyport,South Carolina,Sri Lanka,37764
917,2b6a4953-166b-42bd-a2de-5259d13c40c4,Lucaschester,Florida,Ethiopia,66573
918,ba4355d9-0257-4212-a7c7-090d761f1825,Adrianahaven,Maine,Bhutan,90238
919,3d599bc1-c3aa-4144-af61-91727344da1b,Davidburgh,Arkansas,Guatemala,54175
920,79ef11af-ee1d-4a1b-a620-8b3fcb82ff75,Mcleanport,Virginia,China,10045
921,3e64d7c8-e3a3-448a-b78c-8bb0a35c9507,Jamieshire,New Mexico,Bahamas,60050
922,9d44fd6a-5117-48b8-b752-9295abc31b95,North Michelle,Georgia,Estonia,63013
923,759d23fc-1a00-4b1f-a0f8-d6a1c96f4a92,Gentrybury,New Jersey,Estonia,17039
924,62fb5015-c30a-4380-b85f-a7514ade2e49,Robertview,New Mexico,Uzbekistan,25412
925,5a9e07f8-1158-4849-8c84-435678afabb0,East Tristanville,North Dakota,Nepal,97191
926,10c3e4f3-eef9-41cb-a58f-76a9497a48ba,Jaredborough,New Mexico,Cayman Islands,59733
927,b4fd2838-66df-406b-8543-c09caed5153f,South Vickiside,New Mexico,Kenya,1417
928,b6605ff0-c095-4bd9-8ed5-448824291b93,Suzanneside,Ohio,Oman,7149
929,08e99430-3694-4a7d-8e9b-9fa75e503299,Lauramouth,South Dakota,Mauritius,1698
930,3d5fc332-fea8-4840-9917-d6ff8e3bb04a,Cynthiaside,North Carolina,Pitcairn Islands,39480
931,0b65da78-3e36-44f0-89c2-1b20047c49f0,South Brandiview,Arkansas,Turkey,91320
932,af6b0e2e-63bb-4584-8979-6b98fff33464,Mitchellberg,Illinois,Isle of Man,81164
933,e994f198-afc4-4407-ac6b-1363aa9d110f,Lake Angelaport,Oregon,Hong Kong,57270
934,1d12e6f0-8c1a-486d-ac55-465dd0aa2acb,Humphreyton,New Mexico,Solomon Islands,67578
935,2afcc3d3-45ac-4601-81ef-3b40241d71e0,New Carolynbury,Texas,Greece,69080
936,a71fef00-5c36-46a7-91a2-2886af3aadb9,West Angelica,Montana,Brunei Darussalam,54352
937,6197aec9-979c-44b7-b8b4-eabcd4a6b476,New Benjamintown,Iowa,Malawi,37835
938,cdee20a9-2c47-4034-abab-7462f51fbe1e,West Justinport,Maine,Azerbaijan,89523
939,1ee00043-c0a1-42c2-9849-61f14f29f716,North Dennisland,Washington,British Indian Ocean Territory (Chagos Archipelago),19985
940,6bf49baa-532a-41de-a343-fdbe7830e1b2,South Matthewport,Wyoming,North Macedonia,92624
941,44962255-8938-45b3-9a30-4b3cddb9b68a,West David,Maryland,Kenya,42652
942,4bbec0e8-5bba-4563-a70c-4ded7f226d5d,East Oliviaberg,Connecticut,Panama,31952
943,2a0eeba4-875a-4592-86df-7c5ba1f45dde,West Thomas,Indiana,Faroe Islands,34506
944,ca650d7a-c4a6-4027-9815-9114468564d0,North Mario,South Carolina,Venezuela,29316
945,951a4dc8-1b27-44ed-ab67-9bb49b041ab9,Port Arthur,Nebraska,Uzbekistan,85623
946,684c0d7e-3233-4939-8c45-04822821bf0c,Elizabethport,Massachusetts,Liechtenstein,74560
947,b2ca0db1-5db7-4dac-b90b-081cb1341d56,Hooverville,South Dakota,Guyana,97744
948,5fba44ec-b190-4dba-96eb-485192790329,Lake Anthony,Connecticut,Cayman Islands,60049
949,db8ffdd8-3374-4e03-a00b-0ebc13ea8c5d,Ramirezton,Washington,Marshall Islands,53796
950,f3c300ce-bfb2-4483-9689-b68e7985210e,West Josephberg,North Carolina,Iceland,24982
951,7efd70ba-2e9d-492a-b814-dc798b54f719,Port Michaelhaven,Indiana,Guinea,80471
952,a8e3a30b-247c-4d29-81cf-bc1d9a924070,Colliertown,Massachusetts,British Indian Ocean Territory (Chagos Archipelago),47600
953,2f2178d2-4c22-4a11-8689-91f4d1162c48,Johnnyton,New Hampshire,Grenada,53616
954,945f6a24-7c85-476a-9483-0e454453bb2e,Port Christopher,New Mexico,Morocco,54994
955,c5878470-b59a-4965-95f9-1a4792567eb1,North Joshuastad,Ohio,Myanmar,7129
956,c3bb9e3a-7e06-457d-9946-b813ef9d9e63,Matthewfurt,Pennsylvania,Portugal,35081
957,ece8e962-fbaf-4139-910b-a84e00345f5b,Georgeberg,Nevada,Aruba,67175
958,138c372a-cf0e-45ca-827d-92713bf573e3,West Michaelview,Arizona,Honduras,74921
959,0436d4c8-10bf-4800-8fb9-7e4065131d66,Port Adrian,Texas,Korea,744
960,2a246826-bd17-4d9a-a67e-aa73002230f8,Lake Angelaburgh,Oregon,Tajikistan,21674
961,3e84f2da-e392-4f9b-a724-fefaf9eb05e5,Gabrielport,Maryland,Dominican Republic,47368
962,f7cf2adb-0275-4f33-8ca9-267b20a7ff99,Hunterstad,Utah,Brunei Darussalam,92260
963,a239d48c-94fd-44aa-a46c-c99d9b6d1cab,North Ethan,Kentucky,Sweden,37958
964,96c0973b-9c06-4eb7-8a7e-6e5787bc9e70,Chungport,Alabama,Wallis and Futuna,25821
965,75e3e23f-4639-44f1-ba0f-aba80a2bb948,Joelport,Texas,Tunisia,69831
966,12db2258-72aa-44eb-8c80-62579ad2dd06,South Michaelmouth,New Hampshire,Belgium,9675
967,74bdf0c6-10fe-4eff-bb62-378327bd5453,Campbellmouth,Washington,Morocco,75027
968,dee25e95-141e-4431-b198-fff5e48ba106,New Rachel,Arkansas,Iceland,90433
969,3783ef67-3edf-45bf-b4db-4a2991fb754d,Rayhaven,South Dakota,Mauritania,98204
970,476796c6-e0d6-4130-b475-5c47b3653326,Davisland,Washington,Haiti,73132
971,de4b244d-44bb-4996-a899-f591718c2d45,East Lisafurt,Connecticut,Macao,86368
972,9e9355b4-a544-4557-8f1d-324b149f0955,Derrickstad,Idaho,Tunisia,1497
973,6e31e7e4-ab1a-4b1f-8952-61f407dd389f,Lauraton,Washington,Saint Lucia,84436
974,4b074b9c-a0cb-4b1c-97c5-c8df2bb65a5e,Lake Courtney,North Carolina,Falkland Islands (Malvinas),59521
975,125084ef-3418-4c5c-913b-2a5ddc0ab378,Weaverberg,Mississippi,Slovenia,70766
976,84b217c5-c8d0-49f5-9c4d-4791e649c8eb,Churchmouth,Pennsylvania,Mauritania,11848
977,b8ca4395-d6c5-49d0-97b1-d953843c49da,New Heathershire,Utah,Slovakia (Slovak Republic),82062
978,9fd3358a-97f1-408c-afb3-a27e9444c6c1,Dukebury,Ohio,Austria,85607
979,ce040e4f-20b2-44f2-a6a3-1d4576e9f5ce,Snydermouth,Arkansas,Ireland,82948
980,7586ccd3-9095-46e3-b92b-2ed242810e19,Lake Kaitlynbury,Rhode Island,Saint Barthelemy,45837
981,3773d0ee-fe59-456e-a0d1-34bba5f70df5,Susanbury,Texas,Vanuatu,23612
982,1a766af0-5a7c-4c01-8a6c-ce01e213ac9d,East Kevin,Louisiana,Tajikistan,53419
983,3e534cc3-40bc-41bd-a652-9c671b0bf8a5,South Darlene,Texas,United Arab Emirates,81140
984,d94767eb-6652-4dea-86ce-a7e2e273e096,Kyletown,Hawaii,Oman,46149
985,1e75eb3a-9ba5-4ea6-82ec-886abe298058,West Danielle,South Carolina,Iran,17863
986,c53c32ef-2e64-4ac4-ac48-3707ab1ebd1f,Whitemouth,Arkansas,Japan,24756
987,ebc19a03-a32d-4d3c-9976-f30cee3d3a70,South Stephanie,Indiana,Timor-Leste,54502
988,0598403f-7a42-44a9-994e-9f23feb20394,Thompsonfort,South Dakota,Pakistan,78892
989,8832dd24-c104-475b-8327-d687d3912b58,Jonathanport,Utah,Western Sahara,26856
